类型,分类,二级分类,金额,币种,账户,转出账户,转入账户,备注,时间,标签,附件
支出,餐饮美食,堂食外卖,37.60,CNY,支付宝,,,,  2026-09-27 19:58:42  ,,
支出,生活日用,厨房用品,65.35,CNY,信用卡,,,,  2026-09-27 09:41:12  ,,
支出,汽车相关,停车费用,4.00,CNY,银行卡,,,,  2026-09-26 14:23:24  ,,
支出,生活日用,其他杂项,5.11,CNY,银行卡,,,快递费,  2026-09-26 10:46:53  ,,
支出,餐饮美食,堂食外卖,6.50,CNY,银行卡,,,早饭,  2026-09-26 10:17:18  ,,
支出,餐饮美食,食材调料,60.75,CNY,信用卡,,,,  2026-09-26 09:28:57  ,,
支出,餐饮美食,堂食外卖,4.00,CNY,,,,,  2026-09-25 21:16:08  ,,
支出,餐饮美食,零食饮品,4.00,CNY,支付宝,,,,  2026-09-25 21:15:57  ,,
支出,交通出行,出行打车,14.98,CNY,,,,,  2026-09-25 21:15:46  ,,
支出,居家缴费,水电燃气,98.00,CNY,银行卡,,,燃气费,  2026-09-25 10:22:05  ,,
支出,居家缴费,水电燃气,100.00,CNY,银行卡,,,充电桩电费,  2026-09-25 10:20:47  ,,
支出,医疗保健,医疗器械,80.10,CNY,银行卡,,,鱼跃耳温枪,  2026-09-25 10:19:25  ,,
支出,交通出行,公交地铁,10.00,CNY,,,,,  2026-09-24 10:36:28  ,,
支出,人情往来,孝敬长辈,290.00,CNY,支付宝,,,,  2026-09-23 22:49:41  ,,
支出,生活日用,厨房用品,9.70,CNY,银行卡,,,保鲜袋,  2026-09-23 17:09:39  ,,
支出,餐饮美食,零食饮品,56.99,CNY,银行卡,,,稻香村月饼,  2026-09-23 16:07:28  ,,
支出,母婴亲子,奶粉辅食,36.41,CNY,银行卡,,,英氏小小馒头,  2026-09-23 11:58:32  ,,
支出,餐饮美食,食材调料,41.90,CNY,银行卡,,,鸡蛋,  2026-09-23 09:47:38  ,,
支出,餐饮美食,零食饮品,31.85,CNY,银行卡,,,,  2026-09-22 19:33:46  ,,
支出,餐饮美食,堂食外卖,13.30,CNY,银行卡,,,,  2026-09-21 18:17:38  ,,
支出,餐饮美食,零食饮品,36.90,CNY,银行卡,,,安慕希酸奶,  2026-09-21 10:25:12  ,,
支出,餐饮美食,零食饮品,22.57,CNY,银行卡,,,,  2026-09-21 10:19:26  ,,
支出,交通出行,公交地铁,10.00,CNY,支付宝,,,,  2026-09-20 18:17:05  ,,
支出,服饰美容,服装鞋帽,99.00,CNY,银行卡,,,南乙针织衫,  2026-09-20 16:47:31  ,,
支出,服饰美容,服装鞋帽,169.00,CNY,银行卡,,,南乙裤子,  2026-09-20 16:46:32  ,,
支出,母婴亲子,宝宝穿搭,90.00,CNY,银行卡,,,童泰学步鞋,  2026-09-20 16:08:57  ,,
支出,母婴亲子,宝宝穿搭,60.99,CNY,银行卡,,,裤子,  2026-09-20 16:08:15  ,,
支出,母婴亲子,宝宝穿搭,74.90,CNY,银行卡,,,毛衣开衫,  2026-09-20 16:07:59  ,,
支出,母婴亲子,宝宝穿搭,49.99,CNY,银行卡,,,打底衫,  2026-09-20 16:07:45  ,,
支出,餐饮美食,零食饮品,7.93,CNY,银行卡,,,库迪咖啡,  2026-09-20 13:19:23  ,,
支出,餐饮美食,堂食外卖,56.70,CNY,信用卡,,,,  2026-09-20 12:47:30  ,,
支出,餐饮美食,堂食外卖,323.92,CNY,银行卡,,,庐州太太,  2026-09-19 15:47:52  ,,
支出,餐饮美食,零食饮品,6.98,CNY,银行卡,,,可乐,  2026-09-19 15:47:35  ,,
支出,餐饮美食,零食饮品,2.00,CNY,银行卡,,,矿泉水,  2026-09-19 11:08:05  ,,
支出,餐饮美食,堂食外卖,11.10,CNY,信用卡,,,,  2026-09-19 00:00:00  ,,
支出,餐饮美食,食材调料,14.50,CNY,支付宝,,,,  2026-09-19 00:00:00  ,,
支出,餐饮美食,堂食外卖,4.50,CNY,信用卡,,,,  2026-09-19 00:00:00  ,,
支出,餐饮美食,零食饮品,30.90,CNY,银行卡,,,金典纯牛奶,  2026-09-18 08:34:21  ,,
支出,餐饮美食,奶茶甜品,7.80,CNY,银行卡,,,饮料,  2026-09-17 22:45:44  ,,
支出,母婴亲子,宝宝穿搭,55.90,CNY,银行卡,,,巴拉巴拉裙子,  2026-09-17 10:45:45  ,,
支出,生活日用,日用百货,23.42,CNY,银行卡,,,清风卷纸,  2026-09-17 09:53:14  ,,
支出,服饰美容,美妆个护,100.00,CNY,银行卡,,,理发充卡,  2026-09-16 20:36:39  ,,
支出,交通出行,公交地铁,10.00,CNY,银行卡,,,,  2026-09-15 22:34:08  ,,
支出,生活日用,日用百货,47.89,CNY,银行卡,,,床笠,  2026-09-15 12:56:13  ,,
支出,数码家电,手机数码,10999.00,CNY,信用卡,,,,  2026-09-14 23:03:45  ,,
支出,餐饮美食,堂食外卖,28.10,CNY,信用卡,,,,  2026-09-14 23:03:35  ,,
支出,母婴亲子,宝宝穿搭,40.79,CNY,银行卡,,,宝宝袜子,  2026-09-14 16:01:10  ,,
支出,母婴亲子,教娱玩具,9.88,CNY,银行卡,,,气球,  2026-09-14 15:45:53  ,,
支出,汽车相关,停车费用,600.00,CNY,银行卡,,,半年停车费,  2026-09-14 11:45:40  ,,
支出,母婴亲子,母婴用品,10.90,CNY,银行卡,,,宝宝指甲剪,  2026-09-14 10:38:03  ,,
支出,餐饮美食,零食饮品,6.00,CNY,银行卡,,,饮料,  2026-09-13 10:19:50  ,,
支出,人情往来,孝敬长辈,430.00,CNY,银行卡,,,白酒,  2026-09-13 10:19:39  ,,
支出,餐饮美食,堂食外卖,4.50,CNY,银行卡,,,早饭,  2026-09-13 10:18:50  ,,
支出,餐饮美食,堂食外卖,63.88,CNY,信用卡,,,,  2026-09-12 12:46:36  ,,
支出,餐饮美食,零食饮品,48.49,CNY,银行卡,,,盒马,  2026-09-12 10:40:42  ,,
支出,汽车相关,车品配件,5.80,CNY,银行卡,,,五月天车贴,  2026-09-11 10:22:48  ,,
支出,餐饮美食,零食饮品,29.50,CNY,银行卡,,,金典纯牛奶,  2026-09-11 09:31:52  ,,
支出,餐饮美食,堂食外卖,27.70,CNY,,,,,  2026-09-10 21:29:05  ,,
支出,餐饮美食,零食饮品,34.90,CNY,银行卡,,,金典纯牛奶,  2026-09-10 10:12:19  ,,
支出,餐饮美食,零食饮品,31.49,CNY,银行卡,,,娃哈哈,  2026-09-10 10:12:02  ,,
支出,餐饮美食,零食饮品,15.30,CNY,银行卡,,,三只松鼠面包,  2026-09-10 10:11:45  ,,
支出,餐饮美食,零食饮品,22.98,CNY,银行卡,,,詹记,  2026-09-09 20:11:01  ,,
支出,交通出行,公交地铁,10.00,CNY,信用卡,,,,  2026-09-09 17:38:36  ,,
支出,服饰美容,服装鞋帽,33.49,CNY,银行卡,,,白T,  2026-09-09 16:11:55  ,,
支出,生活日用,厨房用品,3.90,CNY,银行卡,,,小苏打,  2026-09-09 16:03:41  ,,
支出,餐饮美食,零食饮品,41.90,CNY,银行卡,,,方便面,  2026-09-09 15:59:36  ,,
支出,母婴亲子,母婴用品,59.91,CNY,银行卡,,,babycare洗衣液,  2026-09-08 16:12:01  ,,
支出,母婴亲子,母婴用品,110.00,CNY,银行卡,,,安儿乐拉拉裤,  2026-09-08 15:23:27  ,,
支出,餐饮美食,零食饮品,27.01,CNY,银行卡,,,豆奶,  2026-09-08 15:17:11  ,,
支出,餐饮美食,奶茶甜品,10.10,CNY,银行卡,,,饮料,  2026-09-07 20:39:01  ,,
支出,母婴亲子,母婴用品,960.00,CNY,信用卡,,,奶粉,  2026-09-07 19:29:34  ,,
支出,母婴亲子,母婴用品,9.95,CNY,银行卡,,,防撞头垫,  2026-09-07 16:16:11  ,,
支出,母婴亲子,宝宝穿搭,10.83,CNY,银行卡,,,量脚器,  2026-09-07 16:15:37  ,,
支出,母婴亲子,母婴用品,23.76,CNY,银行卡,,,可优比牙刷杯2个,  2026-09-07 16:15:13  ,,
支出,母婴亲子,母婴用品,52.87,CNY,银行卡,,,世喜牙刷2支,  2026-09-07 16:14:48  ,,
支出,母婴亲子,母婴用品,169.82,CNY,银行卡,,,世喜餐盘+训练勺,  2026-09-07 16:14:12  ,,
支出,母婴亲子,母婴用品,552.00,CNY,银行卡,,,睡眠方程式N3枕头2个,  2026-09-07 11:13:10  ,,
支出,母婴亲子,宝宝穿搭,217.00,CNY,银行卡,,,基诺浦学步鞋,  2026-09-06 20:51:53  ,,
支出,餐饮美食,堂食外卖,13.80,CNY,银行卡,,,炒面,  2026-09-06 20:51:32  ,,
支出,汽车相关,停车费用,16.00,CNY,银行卡,,,,  2026-09-06 15:09:05  ,,
支出,餐饮美食,堂食外卖,191.00,CNY,银行卡,,,晋家门,  2026-09-06 15:08:36  ,,
支出,餐饮美食,奶茶甜品,15.00,CNY,银行卡,,,饮料,  2026-09-06 15:08:23  ,,
支出,餐饮美食,堂食外卖,15.00,CNY,银行卡,,,,  2026-09-05 22:42:56  ,,
支出,餐饮美食,食材调料,54.68,CNY,银行卡,,,盒马,  2026-09-05 10:17:50  ,,
支出,餐饮美食,堂食外卖,295.40,CNY,银行卡,,,绿茶,  2026-09-04 00:00:00  ,,
支出,汽车相关,停车费用,10.00,CNY,银行卡,,,,  2026-09-04 00:00:00  ,,
支出,餐饮美食,堂食外卖,26.70,CNY,银行卡,,,塔斯丁,  2026-09-03 23:06:13  ,,
支出,餐饮美食,零食饮品,25.80,CNY,银行卡,,,玉米,  2026-09-03 10:44:52  ,,
支出,母婴亲子,母婴用品,33.25,CNY,银行卡,,,一次性围兜,  2026-09-03 10:38:54  ,,
支出,餐饮美食,零食饮品,46.30,CNY,银行卡,,,盒马,  2026-09-02 21:29:29  ,,
支出,母婴亲子,宝宝穿搭,125.20,CNY,银行卡,,,babylove连衣裙,  2026-09-02 13:17:12  ,,
支出,餐饮美食,零食饮品,12.50,CNY,银行卡,,,安慕希酸奶,  2026-09-02 13:05:44  ,,
支出,汽车相关,车品配件,69.79,CNY,银行卡,,,儿童安全电动车座椅,  2026-09-02 11:03:39  ,,
支出,餐饮美食,零食饮品,22.79,CNY,银行卡,,,水果,  2026-09-01 20:38:18  ,,
支出,生活日用,日用百货,12.80,CNY,银行卡,,,面粉,  2026-09-01 17:06:52  ,,
支出,贷款还款,房屋贷款,1996.57,CNY,银行卡,,,房贷,  2026-09-01 11:16:45  ,,
支出,餐饮美食,堂食外卖,26.39,CNY,信用卡,,,,  2026-08-31 22:23:21  ,,
支出,交通出行,公交地铁,10.00,CNY,信用卡,,,,  2026-08-31 17:25:16  ,,
支出,餐饮美食,堂食外卖,3.00,CNY,银行卡,,,早饭,  2026-08-31 08:36:16  ,,
支出,生活日用,日用百货,4.51,CNY,银行卡,,,抓夹,  2026-08-30 10:32:10  ,,
支出,餐饮美食,零食饮品,73.55,CNY,,,,,  2026-08-29 21:37:45  ,,
支出,餐饮美食,奶茶甜品,6.00,CNY,,,,,  2026-08-29 13:55:59  ,,
支出,餐饮美食,堂食外卖,15.00,CNY,,,,,  2026-08-29 13:55:51  ,,
支出,餐饮美食,堂食外卖,10.00,CNY,,,,,  2026-08-29 13:55:42  ,,
支出,餐饮美食,奶茶甜品,29.60,CNY,银行卡,,,飘香心语,  2026-08-28 16:44:29  ,,
支出,餐饮美食,堂食外卖,25.56,CNY,微信,,,,  2026-08-27 23:01:43  ,,
支出,餐饮美食,堂食外卖,25.56,CNY,银行卡,,,鸭脖,  2026-08-27 22:26:04  ,,
支出,餐饮美食,零食饮品,10.10,CNY,银行卡,,,,  2026-08-27 21:12:00  ,,
支出,母婴亲子,母婴用品,253.91,CNY,银行卡,,,丝塔芙大白罐,  2026-08-27 15:24:52  ,,
支出,生活日用,个护美妆,48.45,CNY,银行卡,,,海昌隐形眼镜,  2026-08-27 10:57:25  ,,
支出,餐饮美食,零食饮品,36.30,CNY,银行卡,,,安慕希酸奶,  2026-08-27 10:56:52  ,,
支出,生活日用,清洁用品,33.07,CNY,银行卡,,,狮王牙膏,  2026-08-27 10:56:34  ,,
支出,交通出行,公交地铁,10.00,CNY,信用卡,,,,  2026-08-27 07:54:47  ,,
支出,生活日用,厨房用品,10.50,CNY,银行卡,,,饼干模具,  2026-08-26 16:57:42  ,,
支出,餐饮美食,零食饮品,8.64,CNY,银行卡,,,花椒锅巴,  2026-08-26 16:57:22  ,,
支出,餐饮美食,零食饮品,15.11,CNY,银行卡,,,麻酱豆干,  2026-08-26 16:57:00  ,,
支出,餐饮美食,零食饮品,11.18,CNY,银行卡,,,白象火鸡面,  2026-08-26 16:56:35  ,,
支出,餐饮美食,零食饮品,9.80,CNY,银行卡,,,双汇麻酱火腿肠,  2026-08-26 16:56:21  ,,
支出,餐饮美食,奶茶甜品,10.00,CNY,信用卡,,,,  2026-08-25 23:43:45  ,,
支出,服饰美容,服装鞋帽,85.00,CNY,银行卡,,,女鞋,  2026-08-25 16:37:17  ,,
支出,生活日用,厨房用品,10.17,CNY,银行卡,,,水槽过滤网,  2026-08-25 16:03:36  ,,
支出,餐饮美食,奶茶甜品,6.90,CNY,银行卡,,,奶茶,  2026-08-25 14:43:28  ,,
支出,餐饮美食,零食饮品,21.42,CNY,银行卡,,,西梅,  2026-08-25 10:57:10  ,,
支出,生活日用,厨房用品,17.91,CNY,银行卡,,,调味品香料,  2026-08-24 15:31:56  ,,
支出,餐饮美食,食材调料,10.50,CNY,银行卡,,,板栗红薯,  2026-08-24 10:16:06  ,,
支出,生活日用,厨房用品,3.67,CNY,银行卡,,,白醋,  2026-08-24 09:58:02  ,,
支出,交通出行,公交地铁,10.00,CNY,信用卡,,,,  2026-08-24 07:54:20  ,,
支出,医疗保健,药品保健,9.40,CNY,信用卡,,,,  2026-08-23 11:36:44  ,,
支出,餐饮美食,堂食外卖,7.00,CNY,微信,,,,  2026-08-23 10:18:40  ,,
支出,餐饮美食,食材调料,14.80,CNY,信用卡,,,,  2026-08-23 09:17:56  ,,
支出,餐饮美食,食材调料,46.68,CNY,信用卡,,,,  2026-08-23 09:09:36  ,,
支出,餐饮美食,堂食外卖,47.80,CNY,微信,,,,  2026-08-22 11:59:08  ,,
支出,餐饮美食,食材调料,23.85,CNY,银行卡,,,包子,  2026-08-19 16:04:33  ,,
支出,汽车相关,停车费用,4.00,CNY,银行卡,,,,  2026-08-19 11:39:48  ,,
支出,餐饮美食,堂食外卖,69.00,CNY,银行卡,,,魏家凉皮,  2026-08-19 11:39:36  ,,
支出,交通出行,公交地铁,10.00,CNY,银行卡,,,,  2026-08-18 15:44:38  ,,
支出,居家缴费,话费通讯,100.00,CNY,银行卡,,,,  2026-08-18 14:01:19  ,,
支出,医疗保健,问诊就医,20.00,CNY,银行卡,,,挂号费,  2026-08-18 00:00:00  ,,
支出,餐饮美食,堂食外卖,13.70,CNY,银行卡,,,外卖,  2026-08-18 00:00:00  ,,
支出,餐饮美食,堂食外卖,12.60,CNY,微信,,,,  2026-08-17 11:04:31  ,,
支出,交通出行,公交地铁,10.00,CNY,微信,,,,  2026-08-17 07:59:39  ,,
支出,母婴亲子,奶粉辅食,55.86,CNY,银行卡,,,英氏肉松,  2026-08-16 16:21:36  ,,
支出,母婴亲子,奶粉辅食,15.38,CNY,银行卡,,,海苔碎,  2026-08-16 16:06:06  ,,
支出,餐饮美食,食材调料,62.49,CNY,银行卡,,,盒马,  2026-08-16 15:43:24  ,,
支出,餐饮美食,堂食外卖,49.90,CNY,微信,,,必胜客,  2026-08-16 12:20:57  ,,
支出,数码家电,家用电器,8.07,CNY,微信,,,电池,  2026-08-16 11:55:16  ,,
支出,餐饮美食,堂食外卖,10.00,CNY,微信,,,,  2026-08-15 17:12:21  ,,
支出,汽车相关,停车费用,12.00,CNY,微信,,,,  2026-08-15 16:58:54  ,,
支出,餐饮美食,奶茶甜品,38.00,CNY,微信,,,,  2026-08-15 16:58:47  ,,
支出,母婴亲子,母婴用品,15.13,CNY,银行卡,,,维达湿巾,  2026-08-14 11:57:19  ,,
支出,餐饮美食,堂食外卖,15.20,CNY,微信,,,,  2026-08-13 22:10:28  ,,
支出,母婴亲子,宝宝穿搭,7.80,CNY,银行卡,,,发夹,  2026-08-13 12:25:03  ,,
支出,母婴亲子,宝宝穿搭,2.98,CNY,银行卡,,,发夹,  2026-08-13 12:18:46  ,,
支出,母婴亲子,教娱玩具,81.75,CNY,银行卡,,,奇妙发声书,  2026-08-13 10:26:24  ,,
支出,餐饮美食,堂食外卖,22.90,CNY,信用卡,,,,  2026-08-12 22:21:35  ,,
支出,餐饮美食,食材调料,16.90,CNY,银行卡,,,金龙鱼大米,  2026-08-12 16:50:55  ,,
支出,医疗保健,药品保健,400.00,CNY,银行卡,,,妈妈降糖药,  2026-08-12 10:35:55  ,,
支出,生活日用,清洁用品,68.70,CNY,银行卡,,,洗脸巾,  2026-08-12 10:35:30  ,,
支出,餐饮美食,堂食外卖,19.10,CNY,微信,,,,  2026-08-11 22:39:31  ,,
支出,交通出行,公交地铁,10.00,CNY,,,,,  2026-08-11 11:36:00  ,,
支出,数码家电,电脑配件,44.90,CNY,微信,,,,  2026-08-11 00:56:49  ,,
支出,餐饮美食,食材调料,10.03,CNY,银行卡,,,辣椒面,  2026-08-10 12:36:01  ,,
支出,餐饮美食,零食饮品,35.90,CNY,银行卡,,,安慕希酸奶,  2026-08-10 12:28:52  ,,
支出,餐饮美食,零食饮品,27.80,CNY,银行卡,,,双汇火腿肠,  2026-08-08 15:55:22  ,,
支出,餐饮美食,堂食外卖,36.80,CNY,微信,,,,  2026-08-08 12:08:55  ,,
支出,餐饮美食,食材调料,4.73,CNY,银行卡,,,买菜,  2026-08-08 10:20:37  ,,
支出,餐饮美食,堂食外卖,25.90,CNY,银行卡,,,咖啡,  2026-08-07 11:14:22  ,,
支出,餐饮美食,食材调料,12.50,CNY,微信,,,,  2026-08-06 17:48:42  ,,
支出,餐饮美食,食材调料,12.99,CNY,银行卡,,,奶芋,  2026-08-06 12:33:10  ,,
支出,交通出行,公交地铁,10.00,CNY,,,,,  2026-08-06 08:34:54  ,,
支出,人情往来,其他花费,846.95,CNY,银行卡,,,全家福,  2026-08-06 00:00:00  ,,
支出,母婴亲子,母婴用品,25.34,CNY,银行卡,,,电动打蛋器,  2026-08-05 21:11:06  ,,
支出,母婴亲子,母婴用品,6.94,CNY,银行卡,,,玻璃量杯,  2026-08-05 16:32:47  ,,
支出,母婴亲子,母婴用品,6.84,CNY,银行卡,,,硅胶刮刀油刷,  2026-08-05 16:25:59  ,,
支出,母婴亲子,教娱玩具,62.89,CNY,微信,,,,  2026-08-05 07:29:49  ,,
支出,生活日用,厨房用品,36.01,CNY,微信,,,,  2026-08-05 07:24:32  ,,
支出,餐饮美食,堂食外卖,31.80,CNY,微信,,,,  2026-08-04 22:19:55  ,,
支出,服饰美容,服装鞋帽,7.30,CNY,银行卡,,,船袜,  2026-08-04 16:33:45  ,,
支出,服饰美容,服装鞋帽,69.60,CNY,银行卡,,,单鞋,  2026-08-04 13:20:25  ,,
支出,生活日用,厨房用品,71.40,CNY,微信,,,,  2026-08-03 22:16:48  ,,
支出,生活日用,日用百货,10.60,CNY,银行卡,,,杀虫剂,  2026-08-03 21:35:36  ,,
支出,母婴亲子,母婴用品,252.20,CNY,银行卡,,,伊可新AD,  2026-08-03 10:31:20  ,,
支出,餐饮美食,堂食外卖,2.82,CNY,银行卡,,,早饭,  2026-08-03 10:31:08  ,,
支出,餐饮美食,堂食外卖,14.40,CNY,银行卡,,,早饭,  2026-08-03 08:40:11  ,,
支出,餐饮美食,堂食外卖,41.90,CNY,微信,,,,  2026-08-02 18:53:37  ,,
支出,餐饮美食,食材调料,25.80,CNY,银行卡,,,玉米,  2026-08-02 17:19:02  ,,
支出,居家缴费,水电燃气,100.00,CNY,银行卡,,,充电桩电费,  2026-08-02 17:00:56  ,,
支出,母婴亲子,母婴用品,6.32,CNY,银行卡,,,烤盘硅油纸,  2026-08-02 16:43:45  ,,
支出,母婴亲子,母婴用品,13.98,CNY,银行卡,,,辅食模具,  2026-08-02 16:38:27  ,,
支出,医疗保健,医疗器械,79.20,CNY,银行卡,,,鱼跃电子体温计,  2026-08-02 16:32:43  ,,
支出,母婴亲子,奶粉辅食,17.90,CNY,银行卡,,,长寿花金胚玉米油,  2026-08-02 09:40:26  ,,
支出,生活日用,日用百货,24.97,CNY,银行卡,,,维达抽纸,  2026-08-02 09:33:10  ,,
支出,贷款还款,房屋贷款,1997.00,CNY,银行卡,,,房贷,  2026-08-01 23:15:35  ,,
支出,餐饮美食,堂食外卖,29.00,CNY,微信,,,,  2026-08-01 19:34:38  ,,
支出,餐饮美食,食材调料,21.00,CNY,微信,,,,  2026-08-01 13:57:26  ,,
支出,餐饮美食,食材调料,51.60,CNY,微信,,,,  2026-08-01 09:09:18  ,,
支出,居家缴费,水电燃气,200.00,CNY,银行卡,,,水费,  2026-07-31 16:26:15  ,,
支出,汽车相关,车品配件,13.60,CNY,银行卡,,,玻璃水,  2026-07-31 15:38:56  ,,
支出,服饰美容,服装鞋帽,5.33,CNY,微信,,,,  2026-07-31 14:46:13  ,,
支出,交通出行,公交地铁,10.00,CNY,微信,,,,  2026-07-31 12:07:52  ,,
支出,餐饮美食,堂食外卖,25.80,CNY,微信,,,,  2026-07-30 22:30:27  ,,
支出,餐饮美食,堂食外卖,18.60,CNY,银行卡,,,咖啡,  2026-07-30 20:45:26  ,,
支出,餐饮美食,堂食外卖,25.20,CNY,微信,,,,  2026-07-30 12:10:15  ,,
支出,服饰美容,服装鞋帽,121.80,CNY,微信,,,,  2026-07-29 20:32:04  ,,
支出,生活日用,厨房用品,4.70,CNY,银行卡,,,食品保鲜袋,  2026-07-29 15:13:42  ,,
支出,母婴亲子,奶粉辅食,17.88,CNY,银行卡,,,长寿花金胚玉米油,  2026-07-29 15:05:06  ,,
支出,母婴亲子,奶粉辅食,28.49,CNY,银行卡,,,金龙鱼胚芽米,  2026-07-29 11:25:56  ,,
支出,母婴亲子,母婴用品,125.44,CNY,银行卡,,,安尔乐拉拉裤,  2026-07-28 14:43:53  ,,
支出,母婴亲子,奶粉辅食,10.80,CNY,微信,,,,  2026-07-26 17:13:21  ,,
支出,餐饮美食,堂食外卖,28.60,CNY,微信,,,,  2026-07-26 17:12:44  ,,
支出,餐饮美食,食材调料,1.50,CNY,微信,,,,  2026-07-26 12:03:55  ,,
支出,交通出行,出行打车,8.92,CNY,微信,,,,  2026-07-25 17:27:03  ,,
支出,餐饮美食,堂食外卖,40.56,CNY,微信,,,盒马,  2026-07-25 16:43:50  ,,
支出,汽车相关,停车费用,3.00,CNY,微信,,,,  2026-07-25 16:43:33  ,,
支出,母婴亲子,宝宝穿搭,79.00,CNY,微信,,,,  2026-07-25 16:43:12  ,,
支出,交通出行,出行打车,9.00,CNY,银行卡,,,,  2026-07-25 16:37:36  ,,
支出,餐饮美食,食材调料,45.70,CNY,银行卡,,,盒马,  2026-07-25 16:37:18  ,,
支出,母婴亲子,宝宝穿搭,12.79,CNY,银行卡,,,防滑地板袜,  2026-07-25 13:31:05  ,,
支出,餐饮美食,堂食外卖,11.00,CNY,微信,,,早饭,  2026-07-25 08:02:43  ,,
支出,母婴亲子,母婴用品,4.10,CNY,银行卡,,,刘海贴,  2026-07-24 12:22:55  ,,
支出,餐饮美食,堂食外卖,12.95,CNY,,,,,  2026-07-24 12:01:25  ,,
支出,人情往来,人情礼金,3.90,CNY,银行卡,,,礼品袋,  2026-07-24 10:22:57  ,,
支出,餐饮美食,堂食外卖,25.00,CNY,微信,,,宵夜,  2026-07-23 22:19:08  ,,
支出,餐饮美食,食材调料,13.18,CNY,银行卡,,,绿豆,  2026-07-23 16:52:48  ,,
支出,餐饮美食,零食饮品,31.50,CNY,银行卡,,,酸奶,  2026-07-23 16:08:21  ,,
支出,母婴亲子,宝宝穿搭,6.80,CNY,银行卡,,,碎发夹,  2026-07-23 10:21:58  ,,
支出,交通出行,公交地铁,10.00,CNY,微信,,,,  2026-07-23 07:53:12  ,,
支出,餐饮美食,堂食外卖,41.20,CNY,银行卡,,,,  2026-07-22 22:12:20  ,,
支出,人情往来,其他花费,249.00,CNY,银行卡,,,糖豆生日 学习机,  2026-07-22 22:12:02  ,,
支出,餐饮美食,零食饮品,15.40,CNY,银行卡,,,锅巴,  2026-07-22 17:21:35  ,,
支出,餐饮美食,零食饮品,6.85,CNY,银行卡,,,油茶,  2026-07-22 17:13:43  ,,
支出,餐饮美食,堂食外卖,11.40,CNY,,,,午饭,  2026-07-22 12:07:41  ,,
支出,餐饮美食,零食饮品,24.90,CNY,银行卡,,,金典纯牛奶,  2026-07-22 09:23:28  ,,
支出,餐饮美食,堂食外卖,16.30,CNY,微信,,,午饭,  2026-07-21 19:00:25  ,,
支出,母婴亲子,奶粉辅食,957.00,CNY,微信,,,奶粉,  2026-07-21 18:59:54  ,,
支出,生活日用,日用百货,19.81,CNY,银行卡,,,垃圾袋,  2026-07-21 10:06:47  ,,
支出,服饰美容,服装鞋帽,33.00,CNY,银行卡,,,衣服,  2026-07-20 15:58:42  ,,
支出,服饰美容,服装鞋帽,22.88,CNY,银行卡,,,衣服,  2026-07-20 15:58:28  ,,
支出,生活日用,个护美妆,55.92,CNY,银行卡,,,避孕套,  2026-07-20 15:56:31  ,,
支出,餐饮美食,堂食外卖,4.00,CNY,微信,,,包子,  2026-07-20 08:55:22  ,,
支出,餐饮美食,堂食外卖,11.40,CNY,,,,牛肉汤,  2026-07-19 22:10:49  ,,
支出,餐饮美食,堂食外卖,19.60,CNY,,,,烧饼,  2026-07-19 22:10:31  ,,
支出,餐饮美食,奶茶甜品,22.30,CNY,,,,咖啡,  2026-07-19 22:10:15  ,,
支出,餐饮美食,堂食外卖,1128.00,CNY,,,,好宝周岁,  2026-07-19 13:14:50  ,,
支出,餐饮美食,堂食外卖,9.50,CNY,微信,,,早饭,  2026-07-19 08:50:48  ,,
支出,餐饮美食,奶茶甜品,181.40,CNY,银行卡,,,生日蛋糕,  2026-07-18 18:55:51  ,,
支出,餐饮美食,食材调料,3.00,CNY,微信,,,炒面,  2026-07-18 14:50:10  ,,
支出,服饰美容,服装鞋帽,85.50,CNY,银行卡,,,胸衣,  2026-07-18 10:19:30  ,,
支出,餐饮美食,堂食外卖,6.00,CNY,微信,,,早饭,  2026-07-18 09:03:08  ,,
支出,交通出行,公交地铁,10.00,CNY,微信,,,,  2026-07-18 08:45:36  ,,
支出,居家缴费,话费通讯,100.00,CNY,微信,,,,  2026-07-17 15:26:33  ,,
支出,母婴亲子,母婴用品,2133.10,CNY,微信,,,封酒五粮液,  2026-07-17 15:24:19  ,,
支出,生活日用,日用百货,37.60,CNY,银行卡,,,卫生棉条,  2026-07-17 09:52:56  ,,
支出,服饰美容,美妆个护,106.25,CNY,银行卡,,,溪木源洗面奶,  2026-07-16 16:06:55  ,,
支出,餐饮美食,堂食外卖,9.80,CNY,微信,,,,  2026-07-16 00:00:00  ,,
支出,餐饮美食,堂食外卖,21.74,CNY,银行卡,,,饼,  2026-07-15 21:42:18  ,,
支出,餐饮美食,食材调料,24.10,CNY,银行卡,,,玉米,  2026-07-15 16:01:55  ,,
支出,餐饮美食,食材调料,27.03,CNY,银行卡,,,包子,  2026-07-15 15:53:55  ,,
支出,生活日用,日用百货,38.50,CNY,银行卡,,,毛巾,  2026-07-15 15:39:32  ,,
支出,餐饮美食,零食饮品,3.60,CNY,微信,,,冰红茶,  2026-07-15 11:42:19  ,,
支出,餐饮美食,堂食外卖,15.70,CNY,微信,,,外卖,  2026-07-15 11:41:57  ,,
支出,母婴亲子,母婴用品,252.12,CNY,银行卡,,,一页宝宝面霜,  2026-07-15 11:09:57  ,,
支出,母婴亲子,母婴用品,6.32,CNY,银行卡,,,婴儿棉签,  2026-07-15 10:36:03  ,,
支出,母婴亲子,母婴用品,106.90,CNY,银行卡,,,安尔乐拉拉裤,  2026-07-15 09:59:09  ,,
支出,餐饮美食,堂食外卖,19.50,CNY,微信,,,,  2026-07-13 21:45:02  ,,
支出,汽车相关,停车费用,7.00,CNY,微信,,,,  2026-07-13 20:03:58  ,,
支出,交通出行,公交地铁,10.00,CNY,微信,,,,  2026-07-13 17:10:38  ,,
支出,母婴亲子,母婴用品,19.98,CNY,银行卡,,,照片打印＋相框,  2026-07-13 15:40:01  ,,
支出,母婴亲子,母婴用品,5.92,CNY,银行卡,,,编绳,  2026-07-13 12:47:11  ,,
支出,餐饮美食,零食饮品,64.48,CNY,银行卡,,,盒马,  2026-07-12 10:29:45  ,,
支出,餐饮美食,堂食外卖,9.00,CNY,,,,炒面,  2026-07-11 19:21:59  ,,
支出,餐饮美食,堂食外卖,8.00,CNY,现金,,,凉皮,  2026-07-11 19:20:41  ,,
支出,汽车相关,停车费用,18.00,CNY,银行卡,,,万达,  2026-07-11 17:50:25  ,,
支出,餐饮美食,堂食外卖,34.10,CNY,信用卡,,,午饭,  2026-07-11 17:49:59  ,,
支出,餐饮美食,食材调料,33.29,CNY,现金,,,,  2026-07-11 17:49:25  ,,
支出,餐饮美食,堂食外卖,9.00,CNY,,,,早饭,  2026-07-11 07:20:57  ,,
支出,母婴亲子,母婴用品,7.32,CNY,银行卡,,,生日发箍,  2026-07-10 16:26:32  ,,
支出,母婴亲子,母婴用品,3.54,CNY,银行卡,,,生日帽,  2026-07-10 16:23:43  ,,
支出,母婴亲子,母婴用品,44.71,CNY,银行卡,,,抓周套餐,  2026-07-10 16:04:15  ,,
支出,餐饮美食,零食饮品,12.00,CNY,银行卡,,,冰棒,  2026-07-10 14:47:27  ,,
支出,餐饮美食,奶茶甜品,10.40,CNY,信用卡,,,,  2026-07-09 21:04:53  ,,
支出,母婴亲子,宝宝穿搭,70.18,CNY,银行卡,,,周岁裙子,  2026-07-09 15:21:32  ,,
支出,母婴亲子,母婴用品,2.00,CNY,银行卡,,,聪明门,  2026-07-09 09:18:34  ,,
支出,母婴亲子,母婴用品,17.19,CNY,银行卡,,,背景墙装饰,  2026-07-08 15:16:21  ,,
支出,餐饮美食,堂食外卖,50.38,CNY,信用卡,,,,  2026-07-08 12:05:45  ,,
支出,餐饮美食,堂食外卖,13.60,CNY,信用卡,,,,  2026-07-06 00:00:00  ,,
支出,餐饮美食,零食饮品,20.37,CNY,银行卡,,,,  2026-07-05 21:03:30  ,,
支出,餐饮美食,食材调料,57.56,CNY,信用卡,,,,  2026-07-05 21:02:54  ,,
支出,餐饮美食,零食饮品,22.90,CNY,银行卡,,,金典纯牛奶,  2026-07-05 15:07:31  ,,
支出,餐饮美食,堂食外卖,31.50,CNY,信用卡,,,煲仔饭,  2026-07-04 11:52:00  ,"语音记账,AI记账",
支出,餐饮美食,零食饮品,13.45,CNY,银行卡,,,南昌拌粉,  2026-07-03 17:21:36  ,,
支出,居家缴费,水电燃气,50.00,CNY,银行卡,,,充电桩电费,  2026-07-03 15:47:55  ,,
支出,母婴亲子,奶粉辅食,17.90,CNY,银行卡,,,英氏米饼,  2026-07-01 14:13:53  ,,
支出,母婴亲子,奶粉辅食,24.27,CNY,银行卡,,,英氏米粉,  2026-07-01 14:13:30  ,,
支出,餐饮美食,食材调料,9.90,CNY,银行卡,,,黄冰糖,  2026-07-01 12:47:49  ,,
支出,餐饮美食,食材调料,9.30,CNY,银行卡,,,低筋面粉,  2026-07-01 12:44:36  ,,
支出,贷款还款,房屋贷款,1996.57,CNY,银行卡,,,房贷,  2026-07-01 12:22:59  ,,
支出,母婴亲子,奶粉辅食,68.12,CNY,银行卡,,,英氏肉松,  2026-06-30 15:24:26  ,,
支出,生活日用,其他杂项,10.50,CNY,银行卡,,,达达跑腿,  2026-06-30 14:54:58  ,,
支出,餐饮美食,零食饮品,13.60,CNY,银行卡,,,火腿肠,  2026-06-30 11:21:08  ,,
支出,餐饮美食,零食饮品,41.90,CNY,银行卡,,,方便面,  2026-06-30 11:01:07  ,,
支出,餐饮美食,零食饮品,29.50,CNY,信用卡,,,鸭脖,  2026-06-29 20:12:31  ,,
支出,生活日用,厨房用品,5.90,CNY,银行卡,,,玉米淀粉,  2026-06-28 16:15:27  ,,
支出,餐饮美食,零食饮品,26.29,CNY,银行卡,,,小象超市,  2026-06-28 10:46:09  ,,
支出,餐饮美食,堂食外卖,9.50,CNY,银行卡,,,早饭,  2026-06-28 09:32:36  ,,
支出,餐饮美食,食材调料,22.36,CNY,信用卡,,,小象,  2026-06-27 00:00:00  ,,
支出,母婴亲子,母婴用品,12.40,CNY,银行卡,,,维达湿巾,  2026-06-26 21:26:25  ,,
支出,餐饮美食,堂食外卖,11.90,CNY,,,,外卖,  2026-06-26 12:27:33  ,,
支出,交通出行,公交地铁,10.00,CNY,银行卡,,,公交卡,  2026-06-25 15:13:11  ,,
支出,餐饮美食,堂食外卖,13.70,CNY,信用卡,,,外卖,  2026-06-25 12:51:47  ,,
支出,居家缴费,水电燃气,100.00,CNY,银行卡,,,充电桩电费,  2026-06-25 11:49:48  ,,
支出,服饰美容,服装鞋帽,120.65,CNY,银行卡,,,卓诗尼凉鞋,  2026-06-25 10:17:02  ,,
支出,餐饮美食,堂食外卖,23.87,CNY,信用卡,,,烤鸭,  2026-06-25 00:00:00  ,,
支出,餐饮美食,零食饮品,23.60,CNY,银行卡,,,詹记,  2026-06-25 00:00:00  ,,
支出,数码家电,会员服务,10.00,CNY,银行卡,,,deepseek充值,  2026-06-24 15:20:33  ,,
支出,餐饮美食,堂食外卖,12.30,CNY,信用卡,,,午饭,  2026-06-24 12:22:47  ,,
支出,餐饮美食,堂食外卖,35.40,CNY,信用卡,,,点外卖,  2026-06-23 19:00:00  ,"语音记账,AI记账",
支出,服饰美容,服装鞋帽,46.40,CNY,银行卡,,,内裤,  2026-06-23 08:45:05  ,,
支出,母婴亲子,宝宝穿搭,26.82,CNY,银行卡,,,打底裤,  2026-06-22 15:59:33  ,,
支出,餐饮美食,堂食外卖,24.64,CNY,银行卡,,,包子,  2026-06-22 15:55:01  ,,
支出,生活日用,清洁用品,7.57,CNY,银行卡,,,拖鞋,  2026-06-22 15:29:12  ,,
支出,交通出行,公交地铁,10.00,CNY,,,,公交卡,  2026-06-22 07:52:38  ,,
支出,服饰美容,服装鞋帽,26.90,CNY,银行卡,,,内裤,  2026-06-21 21:27:36  ,,
支出,餐饮美食,堂食外卖,5.00,CNY,银行卡,,,烧饼,  2026-06-21 21:27:20  ,,
支出,母婴亲子,母婴用品,105.99,CNY,银行卡,,,雀氏,  2026-06-21 16:00:52  ,,
支出,人情往来,人情礼金,1000.00,CNY,银行卡,,,妹妹生日,  2026-06-21 10:10:09  ,,
支出,生活日用,其他杂项,100.00,CNY,银行卡,,,金皖,  2026-06-20 16:09:29  ,,
支出,母婴亲子,奶粉辅食,1030.00,CNY,信用卡,,,奶粉,  2026-06-20 13:12:00  ,"语音记账,AI记账",
支出,餐饮美食,食材调料,56.50,CNY,,,,盒马,  2026-06-20 09:59:23  ,,
支出,餐饮美食,堂食外卖,12.93,CNY,银行卡,,,,  2026-06-20 06:59:19  ,,
支出,餐饮美食,零食饮品,134.92,CNY,银行卡,,,糖,  2026-06-19 20:15:39  ,,
支出,餐饮美食,零食饮品,430.00,CNY,银行卡,,,洞6酒,  2026-06-19 20:15:12  ,,
支出,汽车相关,停车费用,7.00,CNY,银行卡,,,,  2026-06-19 20:08:53  ,,
支出,餐饮美食,堂食外卖,10.38,CNY,,,,午饭,  2026-06-18 12:22:13  ,,
支出,母婴亲子,母婴用品,30.50,CNY,银行卡,,,洁柔云柔巾,  2026-06-18 11:17:55  ,,
支出,餐饮美食,零食饮品,10.00,CNY,银行卡,,,桃子,  2026-06-17 19:07:05  ,,
支出,生活日用,个护美妆,21.85,CNY,银行卡,,,隐形眼镜护理液,  2026-06-17 14:59:52  ,,
支出,餐饮美食,堂食外卖,15.46,CNY,银行卡,,,,  2026-06-17 14:06:57  ,,
支出,服饰美容,服装鞋帽,169.95,CNY,银行卡,,,爸爸衣服,  2026-06-17 14:06:29  ,,
支出,餐饮美食,零食饮品,27.23,CNY,银行卡,,,纯牛奶,  2026-06-17 00:04:07  ,,
支出,数码家电,手机数码,2550.00,CNY,信用卡,,,爸妈手机,  2026-06-16 23:48:46  ,,
支出,餐饮美食,零食饮品,29.98,CNY,银行卡,,,八宝粥,  2026-06-16 22:17:04  ,,
支出,餐饮美食,零食饮品,9.90,CNY,,,,酸奶,  2026-06-16 18:10:04  ,,
支出,餐饮美食,堂食外卖,12.36,CNY,信用卡,,,,  2026-06-16 11:31:55  ,美团,
支出,交通出行,公交地铁,10.00,CNY,银行卡,,,公交卡,  2026-06-15 16:47:33  ,,
支出,餐饮美食,零食饮品,26.80,CNY,银行卡,,,纯牛奶,  2026-06-15 16:02:50  ,,
支出,餐饮美食,零食饮品,13.43,CNY,银行卡,,,糍粑油条,  2026-06-15 13:03:20  ,,
支出,餐饮美食,零食饮品,28.65,CNY,银行卡,,,纯牛奶,  2026-06-15 12:58:52  ,,
支出,餐饮美食,零食饮品,6.20,CNY,银行卡,,,桃子,  2026-06-15 00:00:00  ,,
支出,餐饮美食,零食饮品,10.80,CNY,银行卡,,,入户门地垫,  2026-06-14 16:18:17  ,,
支出,餐饮美食,零食饮品,6.56,CNY,银行卡,,,地毯,  2026-06-14 16:17:54  ,,
支出,餐饮美食,零食饮品,16.87,CNY,银行卡,,,鸡胸肉,  2026-06-14 16:17:37  ,,
支出,餐饮美食,零食饮品,25.70,CNY,银行卡,,,玉米,  2026-06-14 16:17:04  ,,
支出,餐饮美食,堂食外卖,34.00,CNY,信用卡,,,牛肉面炒面,  2026-06-13 12:03:33  ,,
支出,数码家电,家用电器,2650.00,CNY,支付宝,,,电动车,  2026-06-13 12:03:15  ,,
支出,餐饮美食,堂食外卖,16.50,CNY,,,,早餐,  2026-06-13 07:43:26  ,,
支出,餐饮美食,堂食外卖,8.00,CNY,,,,杂粮，烧饼,  2026-06-13 07:43:03  ,,
支出,餐饮美食,食材调料,30.86,CNY,,,,买菜,  2026-06-12 18:43:26  ,,
支出,餐饮美食,零食饮品,59.53,CNY,银行卡,,,盒马,  2026-06-11 21:26:23  ,,
支出,交通出行,出行打车,14.40,CNY,信用卡,,,骑行卡,  2026-06-11 16:59:57  ,,
支出,生活日用,日用百货,9.10,CNY,银行卡,,,奶嘴挂件,  2026-06-11 14:36:03  ,,
支出,生活日用,日用百货,7.62,CNY,信用卡,,,地漏,  2026-06-11 10:38:10  ,,
支出,餐饮美食,奶茶甜品,12.90,CNY,信用卡,,,咖啡,  2026-06-10 22:56:00  ,,
支出,生活日用,日用百货,20.50,CNY,银行卡,,,防撞护角,  2026-06-10 15:31:58  ,,
支出,生活日用,清洁用品,13.90,CNY,银行卡,,,威露士洗手液,  2026-06-10 14:57:56  ,,
支出,医疗保健,药品保健,75.40,CNY,银行卡,,,药膏,  2026-06-09 21:41:56  ,,
支出,交通出行,公交地铁,6.60,CNY,,,,骑行卡,  2026-06-09 20:47:43  ,,
支出,生活日用,日用百货,10.89,CNY,银行卡,,,东巴纸,  2026-06-09 16:09:06  ,,
支出,生活日用,日用百货,6.90,CNY,银行卡,,,彩色足印泥,  2026-06-09 16:08:21  ,,
支出,生活日用,日用百货,7.74,CNY,银行卡,,,亚克力透明相框,  2026-06-09 16:07:59  ,,
支出,生活日用,日用百货,26.22,CNY,银行卡,,,干花,  2026-06-09 16:07:41  ,,
支出,生活日用,日用百货,3.99,CNY,银行卡,,,胶水,  2026-06-09 16:07:25  ,,
支出,餐饮美食,堂食外卖,38.40,CNY,银行卡,,,肯德基,  2026-06-09 14:18:26  ,,
支出,交通出行,公交地铁,10.00,CNY,银行卡,,,公交卡,  2026-06-09 08:06:36  ,,
支出,餐饮美食,奶茶甜品,5.80,CNY,银行卡,,,冰棒,  2026-06-08 21:21:52  ,,
支出,汽车相关,车品配件,28.65,CNY,信用卡,,,空调滤芯,  2026-06-08 20:56:30  ,,
支出,汽车相关,停车费用,7.00,CNY,银行卡,,,,  2026-06-08 20:55:47  ,,
支出,餐饮美食,堂食外卖,10.90,CNY,信用卡,,,,  2026-06-08 15:38:54  ,,
支出,服饰美容,服装鞋帽,4.65,CNY,银行卡,,,安全裤,  2026-06-08 14:45:51  ,,
支出,母婴亲子,母婴用品,19.70,CNY,银行卡,,,妈咪爱,  2026-06-08 10:36:46  ,,
支出,母婴亲子,母婴用品,17.57,CNY,银行卡,,,曼龙盆,  2026-06-07 20:42:42  ,,
支出,餐饮美食,堂食外卖,1.00,CNY,银行卡,,,大馍,  2026-06-07 17:09:14  ,,
支出,汽车相关,洗车保养,640.00,CNY,信用卡,,,保养,  2026-06-07 15:10:44  ,,
支出,母婴亲子,奶粉辅食,29.30,CNY,银行卡,,,英氏米粉,  2026-06-06 22:27:58  ,,
支出,服饰美容,服装鞋帽,71.00,CNY,银行卡,,,361男鞋,  2026-06-06 21:44:10  ,,
支出,母婴亲子,母婴用品,11.65,CNY,银行卡,,,重力球吸管刷,  2026-06-06 21:42:41  ,,
支出,餐饮美食,堂食外卖,9.24,CNY,信用卡,,,大头,  2026-06-06 18:18:28  ,,
支出,餐饮美食,奶茶甜品,45.60,CNY,信用卡,,,仟吉,  2026-06-06 18:18:02  ,,
支出,餐饮美食,零食饮品,30.90,CNY,银行卡,,,,  2026-06-06 18:17:37  ,,
支出,餐饮美食,堂食外卖,8.82,CNY,银行卡,,,炒面,  2026-06-06 17:51:34  ,,
支出,餐饮美食,堂食外卖,8.00,CNY,银行卡,,,凉皮,  2026-06-06 17:50:39  ,,
支出,母婴亲子,母婴用品,12.00,CNY,银行卡,,,衣架,  2026-06-06 16:20:28  ,,
支出,母婴亲子,母婴用品,6.32,CNY,银行卡,,,发夹收纳盒,  2026-06-06 16:20:05  ,,
支出,餐饮美食,食材调料,29.73,CNY,信用卡,,,,  2026-06-06 12:25:52  ,,
支出,汽车相关,停车费用,5.00,CNY,信用卡,,,停车费,  2026-06-05 18:59:00  ,"语音记账,AI记账",
支出,餐饮美食,堂食外卖,12.40,CNY,信用卡,,,外卖,  2026-06-05 16:24:45  ,,
支出,母婴亲子,母婴用品,22.80,CNY,信用卡,,,宝宝奶嘴,  2026-06-04 20:25:00  ,"语音记账,AI记账",
支出,汽车相关,停车费用,5.00,CNY,银行卡,,,停车费,  2026-06-04 19:14:00  ,"语音记账,AI记账",
支出,母婴亲子,母婴用品,16.82,CNY,银行卡,,,防水耳贴,  2026-06-04 13:34:55  ,,
支出,餐饮美食,堂食外卖,12.49,CNY,信用卡,,,外卖,  2026-06-04 13:30:00  ,"语音记账,AI记账",
支出,餐饮美食,奶茶甜品,35.70,CNY,银行卡,,,卡旺卡,  2026-06-04 13:26:31  ,,
支出,母婴亲子,母婴用品,55.98,CNY,银行卡,,,伊可新AD,  2026-06-04 13:26:07  ,,
支出,生活日用,日用百货,7.61,CNY,信用卡,,,地漏,  2026-06-03 21:21:12  ,,
支出,汽车相关,停车费用,5.00,CNY,银行卡,,,停车费,  2026-06-03 19:11:00  ,"语音记账,AI记账",
支出,交通出行,公交地铁,10.00,CNY,信用卡,,,公交卡充值,  2026-06-03 19:11:00  ,"语音记账,AI记账",
支出,餐饮美食,堂食外卖,19.00,CNY,银行卡,,,,  2026-06-03 15:14:17  ,,
支出,餐饮美食,堂食外卖,9.78,CNY,信用卡,,,炒饭,  2026-06-03 12:42:00  ,"语音记账,AI记账",
支出,服饰美容,美容护肤,33.92,CNY,银行卡,,,定妆喷雾,  2026-06-03 11:32:34  ,,
支出,餐饮美食,堂食外卖,14.60,CNY,信用卡,,,外卖,  2026-06-02 12:00:00  ,"语音记账,AI记账",
支出,餐饮美食,堂食外卖,4.00,CNY,银行卡,,,肉包,  2026-06-02 09:00:00  ,"语音记账,AI记账",
支出,母婴亲子,母婴用品,67.93,CNY,银行卡,,,好宝餐椅,  2026-06-02 00:00:00  ,,
支出,生活日用,日用百货,10.70,CNY,信用卡,,,沥水架,  2026-06-01 23:14:13  ,,
支出,餐饮美食,堂食外卖,18.00,CNY,信用卡,,,午饭,  2026-06-01 16:48:21  ,,
支出,贷款还款,房屋贷款,1996.57,CNY,银行卡,,,,  2026-06-01 09:18:41  ,,
支出,汽车相关,停车费用,5.00,CNY,银行卡,,,,  2026-06-01 00:00:00  ,,
支出,生活日用,清洁用品,17.80,CNY,信用卡,,,扫地机器人配件,  2026-05-31 22:19:01  ,,
支出,汽车相关,停车费用,5.00,CNY,银行卡,,,停车,  2026-05-31 18:20:16  ,,
支出,居家缴费,水电燃气,50.00,CNY,银行卡,,,充电桩电费,  2026-05-31 10:36:30  ,,
支出,服饰美容,服装鞋帽,256.00,CNY,,,,糖豆裙子,  2026-05-30 10:43:51  ,,
支出,餐饮美食,堂食外卖,9.00,CNY,银行卡,,,炒面,  2026-05-30 00:00:00  ,,
支出,餐饮美食,堂食外卖,9.00,CNY,银行卡,,,饼,  2026-05-30 00:00:00  ,,
支出,餐饮美食,堂食外卖,15.50,CNY,信用卡,,,外卖,  2026-05-28 19:38:33  ,,
支出,餐饮美食,堂食外卖,9.90,CNY,银行卡,,,大头,  2026-05-27 18:14:09  ,,
支出,交通出行,出行打车,1.50,CNY,信用卡,,,骑车,  2026-05-27 18:09:26  ,,
支出,餐饮美食,堂食外卖,18.00,CNY,银行卡,,,米线,  2026-05-27 18:07:10  ,,
支出,服饰美容,服装鞋帽,47.00,CNY,银行卡,,,T恤,  2026-05-27 16:05:39  ,,
支出,服饰美容,服装鞋帽,47.00,CNY,银行卡,,,T恤,  2026-05-27 15:57:14  ,,
支出,服饰美容,服装鞋帽,69.00,CNY,银行卡,,,T恤,  2026-05-27 15:26:17  ,,
支出,餐饮美食,零食饮品,27.79,CNY,银行卡,,,金典纯牛奶,  2026-05-27 10:45:52  ,,
支出,母婴亲子,母婴用品,45.78,CNY,银行卡,,,贝亲洗沐二合一,  2026-05-27 10:45:05  ,,
支出,母婴亲子,奶粉辅食,16.90,CNY,银行卡,,,英氏3段米饼,  2026-05-27 10:44:33  ,,
支出,母婴亲子,奶粉辅食,37.90,CNY,银行卡,,,英氏五色小圆饼,  2026-05-27 10:44:02  ,,
支出,母婴亲子,奶粉辅食,30.40,CNY,银行卡,,,英氏3段米粉,  2026-05-27 10:43:32  ,,
支出,母婴亲子,奶粉辅食,37.91,CNY,银行卡,,,英氏核桃油,  2026-05-27 10:41:26  ,,
支出,母婴亲子,母婴用品,214.65,CNY,信用卡,,,防摔蚊帐,  2026-05-26 21:24:17  ,,
支出,汽车相关,停车费用,8.00,CNY,银行卡,,,停车费,  2026-05-26 11:50:50  ,,
支出,医疗保健,疫苗体检,208.00,CNY,信用卡,,,宝宝脊灰第三针,  2026-05-26 11:22:54  ,,
支出,生活日用,厨房用品,3.90,CNY,银行卡,,,玻璃饭盒,  2026-05-26 09:46:46  ,,
支出,餐饮美食,零食饮品,11.80,CNY,银行卡,,,,  2026-05-25 00:00:00  ,,
支出,交通出行,公交地铁,10.00,CNY,银行卡,,,公交卡,  2026-05-25 00:00:00  ,"语音记账,AI记账",
支出,餐饮美食,零食饮品,5.72,CNY,银行卡,,,饮料,  2026-05-22 18:09:24  ,,
支出,餐饮美食,堂食外卖,9.98,CNY,银行卡,,,凉皮米线,  2026-05-22 18:08:52  ,,
支出,生活日用,日用百货,26.30,CNY,,,,护垫,  2026-05-20 10:18:32  ,,
支出,母婴亲子,母婴用品,25.65,CNY,银行卡,,,护膝,  2026-05-20 10:16:51  ,,
支出,交通出行,公交地铁,10.00,CNY,银行卡,,,公交卡,  2026-05-20 07:53:38  ,,
支出,母婴亲子,母婴用品,28.15,CNY,银行卡,,,推车坐垫,  2026-05-19 18:57:00  ,"语音记账,AI记账",
支出,餐饮美食,堂食外卖,47.70,CNY,银行卡,,,肯德基,  2026-05-19 18:19:00  ,"语音记账,AI记账",
支出,厨房用品,,16.10,CNY,银行卡,,,吸油纸,  2026-05-19 03:12:00  ,"语音记账,AI记账",
支出,零食饮品,,7.40,CNY,银行卡,,,来优品,  2026-05-17 16:00:00  ,,
支出,奶茶甜品,,17.24,CNY,银行卡,,,蜜雪,  2026-05-16 16:00:00  ,,
支出,日用百货,,15.29,CNY,银行卡,,,厨房纸,  2026-05-16 16:00:00  ,,
支出,母婴亲子,母婴用品,22.51,CNY,银行卡,,,宝宝口罩,  2026-05-16 16:00:00  ,,
支出,堂食外卖,,47.69,CNY,银行卡,,,盒马,  2026-05-16 16:00:00  ,,
支出,堂食外卖,,73.85,CNY,银行卡,,,烧烤,  2026-05-15 16:00:00  ,,
支出,堂食外卖,,1.50,CNY,银行卡,,,外卖费,  2026-05-14 16:00:00  ,,
支出,公交地铁,,10.00,CNY,银行卡,,,公交卡,  2026-05-14 16:00:00  ,,
支出,零食饮品,,6.92,CNY,银行卡,,,饮料,  2026-05-14 16:00:00  ,,
支出,日用百货,,9.13,CNY,银行卡,,,购物,  2026-05-13 16:00:00  ,,
支出,堂食外卖,,5.50,CNY,银行卡,,,早饭,  2026-05-12 16:00:00  ,,
支出,宝宝穿搭,,85.41,CNY,银行卡,,,巴拉巴拉,  2026-05-12 16:00:00  ,,
支出,出行打车,,9.13,CNY,银行卡,,,打车,  2026-05-12 16:00:00  ,,
支出,堂食外卖,,9.50,CNY,银行卡,,,晚饭,  2026-05-11 16:00:00  ,,
支出,母婴用品,,19.40,CNY,银行卡,,,椰子油,  2026-05-11 16:00:00  ,,
支出,堂食外卖,,17.58,CNY,信用卡,,,早饭,  2026-05-11 16:00:00  ,,
支出,堂食外卖,,14.90,CNY,银行卡,,,早饭,  2026-05-10 16:00:00  ,,
支出,堂食外卖,,25.40,CNY,银行卡,,,晋家门,  2026-05-10 16:00:00  ,,
支出,零食饮品,,5.32,CNY,银行卡,,,饮料,  2026-05-10 16:00:00  ,,
支出,堂食外卖,,29.00,CNY,银行卡,,,炒面,  2026-05-10 16:00:00  ,,
支出,公交地铁,,1.50,CNY,银行卡,,,骑行卡,  2026-05-10 16:00:00  ,,
支出,食材调料,,5.50,CNY,银行卡,,,鸡蛋玉米,  2026-05-09 16:00:00  ,,
支出,堂食外卖,,7.00,CNY,银行卡,,,早饭,  2026-05-09 16:00:00  ,,
支出,堂食外卖,,17.60,CNY,银行卡,,,羊米面,  2026-05-09 16:00:00  ,,
支出,堂食外卖,,19.90,CNY,银行卡,,,肯德基,  2026-05-09 16:00:00  ,,
支出,食材调料,,18.90,CNY,银行卡,,,牛肉饭,  2026-05-09 16:00:00  ,,
支出,堂食外卖,,13.30,CNY,银行卡,,,快餐,  2026-05-09 16:00:00  ,,
支出,公交地铁,,1.00,CNY,信用卡,,,骑车,  2026-05-09 16:00:00  ,,
支出,水电燃气,,200.00,CNY,银行卡,,,水费,  2026-05-09 16:00:00  ,,
支出,堂食外卖,,23.98,CNY,银行卡,,,早饭,  2026-05-08 16:00:00  ,,
支出,堂食外卖,,0.50,CNY,微信,,,微波炉,  2026-05-08 16:00:00  ,,
支出,零食饮品,,9.28,CNY,银行卡,,,5升矿泉水,  2026-05-08 16:00:00  ,,
支出,出行打车,,7.45,CNY,银行卡,,,打车,  2026-05-08 16:00:00  ,,
支出,厨房用品,,11.13,CNY,银行卡,,,土豆水果刀,  2026-05-08 16:00:00  ,,
支出,堂食外卖,,4.00,CNY,银行卡,,,馍,  2026-05-08 16:00:00  ,,
支出,堂食外卖,,7.50,CNY,银行卡,,,卤菜,  2026-05-08 16:00:00  ,,
支出,堂食外卖,,13.00,CNY,银行卡,,,早饭,  2026-05-07 16:00:00  ,,
支出,问诊就医,,19.99,CNY,银行卡,,,挂号费,  2026-05-07 16:00:00  ,,
支出,疫苗体检,,50.00,CNY,银行卡,,,化验抽血,  2026-05-07 16:00:00  ,,
支出,零食饮品,,8.70,CNY,银行卡,,,饮料,  2026-05-07 16:00:00  ,,
支出,堂食外卖,,25.80,CNY,银行卡,,,肥叔,  2026-05-07 16:00:00  ,,
支出,母婴用品,,15.00,CNY,信用卡,,,喂药器,  2026-05-06 16:00:00  ,,
支出,母婴用品,,16.40,CNY,银行卡,,,蚊帐,  2026-05-06 16:00:00  ,,
支出,出行打车,,18.49,CNY,银行卡,,,打车,  2026-05-05 16:00:00  ,,
支出,出行打车,,19.96,CNY,银行卡,,,打车,  2026-05-05 16:00:00  ,,
支出,奶粉辅食,,1025.97,CNY,信用卡,,,奶粉,  2026-05-05 16:00:00  ,,
支出,奶茶甜品,,11.30,CNY,银行卡,,,饮料冰棒,  2026-05-05 16:00:00  ,,
支出,堂食外卖,,23.92,CNY,支付宝,,,烧烤,  2026-05-04 16:00:00  ,,
支出,堂食外卖,,17.64,CNY,支付宝,,,炒面,  2026-05-04 16:00:00  ,,
支出,堂食外卖,,12.28,CNY,银行卡,,,卤菜,  2026-05-03 16:00:00  ,,
支出,零食饮品,,3.00,CNY,银行卡,,,矿泉水,  2026-05-03 16:00:00  ,,
支出,零食饮品,,6.00,CNY,银行卡,,,詹记,  2026-05-03 16:00:00  ,,
支出,食材调料,,39.14,CNY,微信,,,买菜,  2026-05-03 16:00:00  ,,
支出,房屋贷款,,1996.57,CNY,银行卡,,,房贷,  2026-05-02 16:00:00  ,,
支出,堂食外卖,,54.90,CNY,信用卡,,,必胜客,  2026-05-02 16:00:00  ,,
支出,堂食外卖,,8.00,CNY,银行卡,,,炸串,  2026-05-01 16:00:00  ,,
支出,堂食外卖,,12.00,CNY,银行卡,,,米线,  2026-05-01 16:00:00  ,,
支出,奶茶甜品,,6.90,CNY,银行卡,,,蜜雪,  2026-05-01 16:00:00  ,,
支出,堂食外卖,,9.00,CNY,银行卡,,,炒面,  2026-05-01 16:00:00  ,,
支出,零食饮品,,38.00,CNY,银行卡,,,娃哈哈,  2026-05-01 16:00:00  ,,
支出,零食饮品,,3.00,CNY,银行卡,,,矿泉水,  2026-05-01 16:00:00  ,,
支出,母婴用品,,29.50,CNY,银行卡,,,英氏米粉,  2026-04-28 16:00:00  ,,
支出,服装鞋帽,,74.70,CNY,银行卡,,,都市丽人睡衣,  2026-04-28 16:00:00  ,,
支出,母婴用品,,162.25,CNY,银行卡,,,好奇拉拉裤,  2026-04-28 16:00:00  ,,
支出,零食饮品,,15.30,CNY,银行卡,,,三只松鼠面包,  2026-04-28 16:00:00  ,,
支出,零食饮品,,31.50,CNY,银行卡,,,娃哈哈AD钙奶,  2026-04-28 16:00:00  ,,
支出,零食饮品,,30.90,CNY,银行卡,,,金典纯牛奶,  2026-04-28 16:00:00  ,,
支出,母婴用品,,11.39,CNY,银行卡,,,唐诗三百首,  2026-04-28 16:00:00  ,,
支出,摄影写真,,2.00,CNY,银行卡,,,打印,  2026-04-27 16:00:00  ,,
支出,个护美妆,,44.32,CNY,银行卡,,,海昌隐形眼镜,  2026-04-25 16:00:00  ,,
支出,水电燃气,,108.00,CNY,银行卡,,,燃气费,  2026-04-25 16:00:00  ,,
支出,零食饮品,,10.79,CNY,银行卡,,,锅巴,  2026-04-24 16:00:00  ,,
支出,母婴用品,,21.93,CNY,银行卡,,,夏季连裤袜,  2026-04-24 16:00:00  ,,
支出,母婴用品,,7.35,CNY,银行卡,,,夏季中筒袜,  2026-04-24 16:00:00  ,,
支出,堂食外卖,,31.80,CNY,信用卡,,,肯德基,  2026-04-24 16:00:00  ,,
支出,日用百货,,16.41,CNY,银行卡,,,剪刀,  2026-04-23 16:00:00  ,,
支出,家用电器,,93.90,CNY,银行卡,,,小米理发器,  2026-04-23 16:00:00  ,,
支出,母婴用品,,36.10,CNY,银行卡,,,世喜牙刷,  2026-04-22 16:00:00  ,,
支出,母婴用品,,27.00,CNY,银行卡,,,维达手口湿巾,  2026-04-22 16:00:00  ,,
支出,药品保健,,200.00,CNY,银行卡,,,药,  2026-04-21 16:00:00  ,,
支出,堂食外卖,,16.90,CNY,银行卡,,,烤梨先生,  2026-04-20 16:00:00  ,,
支出,出行打车,,9.29,CNY,银行卡,,,打车,  2026-04-19 16:00:00  ,,
支出,堂食外卖,,12.00,CNY,信用卡,,,烤肠,  2026-04-19 16:00:00  ,,
支出,堂食外卖,,41.30,CNY,银行卡,,,盒马,  2026-04-19 16:00:00  ,,
支出,出行打车,,9.50,CNY,银行卡,,,打车,  2026-04-19 16:00:00  ,,
支出,堂食外卖,,8.00,CNY,银行卡,,,随便,  2026-04-18 16:00:00  ,,
支出,食材调料,,3.80,CNY,银行卡,,,西兰花,  2026-04-18 16:00:00  ,,
支出,堂食外卖,,25.80,CNY,信用卡,,,里脊饼,  2026-04-18 16:00:00  ,,
支出,话费通讯,,100.00,CNY,银行卡,,,话费,  2026-04-17 16:00:00  ,,
支出,母婴用品,,33.60,CNY,银行卡,,,连裤袜,  2026-04-17 16:00:00  ,,
支出,堂食外卖,,36.70,CNY,银行卡,,,炸鸡,  2026-04-17 16:00:00  ,,
支出,宝宝穿搭,,68.89,CNY,银行卡,,,包屁衣,  2026-04-16 16:00:00  ,,
支出,宝宝穿搭,,67.10,CNY,银行卡,,,包屁衣,  2026-04-16 16:00:00  ,,
支出,清洁用品,,14.90,CNY,银行卡,,,洗洁精,  2026-04-15 16:00:00  ,,
支出,日用百货,,13.58,CNY,银行卡,,,电池,  2026-04-15 16:00:00  ,,
支出,堂食外卖,,24.00,CNY,银行卡,,,饼,  2026-04-15 16:00:00  ,,
支出,食材调料,,35.59,CNY,银行卡,,,方便面,  2026-04-13 16:00:00  ,,
支出,零食饮品,,16.99,CNY,银行卡,,,三只松鼠椰蓉面包,  2026-04-13 16:00:00  ,,
支出,水电燃气,,100.00,CNY,银行卡,,,充电桩电费,  2026-04-12 16:00:02  ,,
支出,水电燃气,,100.00,CNY,银行卡,,,燃气费,  2026-04-12 16:00:01  ,,
支出,出行打车,,5.29,CNY,信用卡,,,打车,  2026-04-12 16:00:00  ,,
支出,出行打车,,19.80,CNY,信用卡,,,打车,  2026-04-12 16:00:00  ,,
支出,食材调料,,30.55,CNY,银行卡,,,面包香蕉,  2026-04-12 16:00:00  ,,
支出,日用百货,,18.99,CNY,银行卡,,,帽子,  2026-04-12 16:00:00  ,,
支出,堂食外卖,,3.00,CNY,银行卡,,,包子,  2026-04-11 16:00:00  ,,
支出,食材调料,,4.18,CNY,银行卡,,,橙子,  2026-04-11 16:00:00  ,,
支出,堂食外卖,,44.92,CNY,银行卡,,,来优品,  2026-04-11 16:00:00  ,,
支出,母婴用品,,9.70,CNY,银行卡,,,锅铲汤勺,  2026-04-10 16:00:00  ,,
支出,公交地铁,,10.00,CNY,银行卡,,,公交卡,  2026-04-10 16:00:00  ,,
支出,母婴用品,,264.00,CNY,银行卡,,,一页面霜,  2026-04-09 16:00:00  ,,
支出,零食饮品,,31.40,CNY,银行卡,,,特仑苏纯牛奶,  2026-04-09 16:00:00  ,,
支出,美妆个护,,28.90,CNY,银行卡,,,溪木源洗面奶,  2026-04-09 16:00:00  ,,
支出,母婴用品,,28.72,CNY,银行卡,,,有机黄小米 有机胚芽米,  2026-04-09 16:00:00  ,,
支出,食材调料,,6.98,CNY,银行卡,,,里脊肉饼,  2026-04-09 16:00:00  ,,
支出,母婴用品,,35.92,CNY,银行卡,,,隔尿垫,  2026-04-08 16:00:00  ,,
支出,个护美妆,,99.80,CNY,银行卡,,,棉花鹿洗脸巾,  2026-04-08 16:00:00  ,,
支出,日用百货,,27.90,CNY,银行卡,,,维达抽纸,  2026-04-07 16:00:00  ,,
支出,母婴用品,,9.50,CNY,银行卡,,,洗头帽,  2026-04-07 16:00:00  ,,
支出,堂食外卖,,17.60,CNY,信用卡,,,米线,  2026-04-06 16:00:00  ,,
支出,堂食外卖,,15.80,CNY,信用卡,,,煲仔饭,  2026-04-06 16:00:00  ,,
支出,堂食外卖,,7.44,CNY,信用卡,,,黑胡椒粉,  2026-04-05 16:00:00  ,,
支出,出行打车,,20.89,CNY,信用卡,,,打车,  2026-04-05 16:00:00  ,,
支出,奶茶甜品,,38.00,CNY,银行卡,,,卡旺卡,  2026-04-05 16:00:00  ,,
支出,堂食外卖,,10.00,CNY,银行卡,,,鸡柳,  2026-04-04 16:00:02  ,,
支出,堂食外卖,,10.00,CNY,银行卡,,,酱香饼,  2026-04-04 16:00:01  ,,
支出,堂食外卖,,21.00,CNY,银行卡,,,超市,  2026-04-04 16:00:00  ,,
支出,食材调料,,4.00,CNY,银行卡,,,鸡蛋饼,  2026-04-04 16:00:00  ,,
支出,堂食外卖,,2.50,CNY,银行卡,,,烧饼,  2026-04-04 16:00:00  ,,
支出,公交地铁,,10.00,CNY,银行卡,,,公交卡,  2026-04-01 16:00:00  ,,
支出,堂食外卖,,18.00,CNY,银行卡,,,早点,  2026-04-01 16:00:00  ,,
支出,日用百货,,23.99,CNY,银行卡,,,真空收纳袋,  2026-04-01 16:00:00  ,,
支出,房屋贷款,,1996.57,CNY,银行卡,,,房贷,  2026-04-01 16:00:00  ,,
支出,服装鞋帽,,25.90,CNY,银行卡,,,T恤,  2026-03-31 16:00:00  ,,
支出,母婴用品,,33.70,CNY,银行卡,,,英氏米饼 泡芙,  2026-03-31 16:00:00  ,,
支出,零食饮品,,36.65,CNY,银行卡,,,詹记,  2026-03-29 16:00:00  ,,
支出,出行打车,,16.49,CNY,银行卡,,,打车,  2026-03-29 16:00:00  ,,
支出,食材调料,,8.00,CNY,银行卡,,,韭菜饼,  2026-03-29 16:00:00  ,,
支出,出行打车,,12.73,CNY,银行卡,,,打车,  2026-03-29 16:00:00  ,,
支出,美容护肤,,5.00,CNY,银行卡,,,理发,  2026-03-29 16:00:00  ,,
支出,堂食外卖,,11.00,CNY,银行卡,,,早饭,  2026-03-29 16:00:00  ,,
支出,堂食外卖,,7.50,CNY,银行卡,,,鸡柳,  2026-03-29 16:00:00  ,,
支出,停车费用,,5.00,CNY,银行卡,,,停车费,  2026-03-28 16:00:00  ,,
支出,母婴用品,,36.50,CNY,银行卡,,,贝亲桃子水,  2026-03-28 16:00:00  ,,
支出,个护美妆,,31.90,CNY,银行卡,,,云南白药牙膏,  2026-03-28 16:00:00  ,,
支出,个护美妆,,149.59,CNY,银行卡,,,若也洗发水,  2026-03-28 16:00:00  ,,
支出,日用百货,,10.44,CNY,银行卡,,,寇驰包延长链,  2026-03-28 16:00:00  ,,
支出,日用百货,,19.13,CNY,银行卡,,,电烙铁,  2026-03-28 16:00:00  ,,
支出,食材调料,,3.80,CNY,银行卡,,,西红柿,  2026-03-28 16:00:00  ,,
支出,公交地铁,,10.00,CNY,银行卡,,,公交卡,  2026-03-27 16:00:00  ,,
支出,宝宝穿搭,,22.60,CNY,银行卡,,,袜子,  2026-03-26 16:00:00  ,,
支出,母婴用品,,35.84,CNY,银行卡,,,好奇小桃裤拉拉裤,  2026-03-25 16:00:00  ,,
支出,宝宝穿搭,,34.90,CNY,银行卡,,,KK防晒帽,  2026-03-25 16:00:00  ,,
支出,母婴用品,,108.00,CNY,银行卡,,,babycare六面体,  2026-03-25 16:00:00  ,,
支出,零食饮品,,30.80,CNY,银行卡,,,老酸奶,  2026-03-25 16:00:00  ,,
支出,水电燃气,,100.00,CNY,银行卡,,,充电桩电费,  2026-03-25 16:00:00  ,,
支出,母婴用品,,22.41,CNY,银行卡,,,英氏碎碎面,  2026-03-25 16:00:00  ,,
支出,母婴用品,,24.57,CNY,银行卡,,,英氏米粉,  2026-03-25 16:00:00  ,,
支出,母婴用品,,99.68,CNY,银行卡,,,小熊料理机,  2026-03-25 16:00:00  ,,
支出,母婴用品,,65.49,CNY,银行卡,,,乐扣乐扣煎锅,  2026-03-25 16:00:00  ,,
支出,母婴用品,,110.73,CNY,银行卡,,,苏泊尔辅食锅,  2026-03-25 16:00:00  ,,
支出,母婴用品,,7.90,CNY,银行卡,,,帮宝适拉拉裤,  2026-03-24 16:00:00  ,,
支出,母婴用品,,10.90,CNY,银行卡,,,雀氏拉拉裤,  2026-03-24 16:00:00  ,,
支出,堂食外卖,,47.59,CNY,银行卡,,,盒马,  2026-03-24 16:00:00  ,,
支出,母婴用品,,4.90,CNY,银行卡,,,奇莫,  2026-03-24 16:00:00  ,,
支出,母婴用品,,85.54,CNY,银行卡,,,纸尿布,  2026-03-22 16:00:00  ,,
支出,堂食外卖,,42.58,CNY,银行卡,,,来优品,  2026-03-22 16:00:00  ,,
支出,奶茶甜品,,6.00,CNY,银行卡,,,蜜雪冰城,  2026-03-22 16:00:00  ,,
支出,堂食外卖,,19.05,CNY,银行卡,,,渣渣辉南昌拌粉,  2026-03-21 16:00:00  ,,
支出,清洁用品,,22.79,CNY,银行卡,,,奥妙洗衣粉,  2026-03-20 16:00:00  ,,
支出,个护美妆,,76.86,CNY,银行卡,,,丹碧丝卫生棉条,  2026-03-20 16:00:00  ,,
支出,个护美妆,,12.99,CNY,银行卡,,,高洁丝超长夜用卫生巾,  2026-03-20 16:00:00  ,,
支出,堂食外卖,,19.70,CNY,信用卡,,,炸串,  2026-03-20 16:00:00  ,,
支出,堂食外卖,,13.10,CNY,银行卡,,,阿贵锅贴,  2026-03-19 16:00:00  ,,
支出,堂食外卖,,22.80,CNY,银行卡,,,肯德基,  2026-03-19 16:00:00  ,,
支出,母婴用品,,19.55,CNY,银行卡,,,绘本阅读,  2026-03-18 16:00:00  ,,
支出,药品保健,,200.00,CNY,银行卡,,,妈妈药,  2026-03-17 16:00:00  ,,
支出,宝宝穿搭,,23.99,CNY,银行卡,,,鞋子,  2026-03-16 16:00:00  ,,
支出,清洁用品,,7.59,CNY,微信,,,木浆棉,  2026-03-15 16:00:00  ,,
支出,母婴用品,,18.00,CNY,银行卡,,,babycare咬咬乐,  2026-03-15 16:00:00  ,,
支出,奶茶甜品,,38.00,CNY,银行卡,,,卡旺卡,  2026-03-14 16:00:00  ,,
支出,堂食外卖,,19.70,CNY,银行卡,,,来优品,  2026-03-14 16:00:00  ,,
支出,堂食外卖,,7.00,CNY,银行卡,,,炸串,  2026-03-14 16:00:00  ,,
支出,堂食外卖,,10.00,CNY,银行卡,,,凉菜,  2026-03-14 16:00:00  ,,
支出,母婴用品,,40.30,CNY,银行卡,,,babycare湿巾,  2026-03-13 16:00:00  ,,
支出,堂食外卖,,51.69,CNY,银行卡,,,盒马,  2026-03-12 16:00:00  ,,
支出,日用百货,,31.49,CNY,银行卡,,,双肩包,  2026-03-11 16:00:00  ,,
支出,公交地铁,,10.00,CNY,银行卡,,,公交卡,  2026-03-11 16:00:00  ,,
支出,母婴用品,,25.40,CNY,银行卡,,,babycare玩具车,  2026-03-11 16:00:00  ,,
支出,奶粉辅食,,1068.00,CNY,信用卡,,,奶粉,  2026-03-11 16:00:00  ,,
支出,母婴用品,,27.91,CNY,信用卡,,,米粉,  2026-03-11 16:00:00  ,,
支出,停车费用,,600.00,CNY,银行卡,,,半年停车费,  2026-03-09 16:00:00  ,,
支出,美妆个护,,51.05,CNY,银行卡,,,逐本卸妆油,  2026-03-09 16:00:00  ,,
支出,堂食外卖,,52.00,CNY,信用卡,,,塔斯汀,  2026-03-09 16:00:00  ,,
支出,日用百货,,28.23,CNY,银行卡,,,爬爬垫拖鞋,  2026-03-08 16:00:00  ,,
支出,日用百货,,1.18,CNY,银行卡,,,爬爬垫提示牌,  2026-03-08 16:00:00  ,,
支出,日用百货,,8.41,CNY,银行卡,,,爬爬垫拖鞋收纳袋,  2026-03-08 16:00:00  ,,
支出,母婴用品,,175.00,CNY,信用卡,,,游戏围栏,  2026-03-08 16:00:00  ,,
支出,加油充电,,12.84,CNY,银行卡,,,玻璃水,  2026-03-07 16:00:00  ,,
支出,家用电器,,292.00,CNY,信用卡,,,净水机滤芯,  2026-03-07 16:00:00  ,,
支出,日用百货,,3.48,CNY,信用卡,,,下水三通,  2026-03-07 16:00:00  ,,
支出,母婴用品,,449.00,CNY,信用卡,,,爬爬垫,  2026-03-07 16:00:00  ,,
支出,堂食外卖,,59.80,CNY,信用卡,,,肯德基,  2026-03-06 16:00:00  ,,
支出,堂食外卖,,21.30,CNY,银行卡,,,佳农蛇果,  2026-03-06 16:00:00  ,,
支出,堂食外卖,,21.70,CNY,微信,,,外卖,  2026-03-05 16:00:00  ,,
支出,母婴用品,,19.80,CNY,银行卡,,,防摔帽,  2026-03-02 16:00:00  ,,
支出,母婴用品,,49.80,CNY,银行卡,,,金领冠2段,  2026-03-02 16:00:00  ,,
支出,个护美妆,,9.80,CNY,微信,,,牙刷架,  2026-03-02 16:00:00  ,,
支出,公交地铁,,10.00,CNY,微信,,,公交卡,  2026-03-02 16:00:00  ,,
支出,人情礼金,,300.00,CNY,银行卡,,,嫂子生日,  2026-03-01 16:00:00  ,,
支出,停车费用,,7.00,CNY,银行卡,,,停车费,  2026-03-01 16:00:00  ,,
支出,人情礼金,,200.00,CNY,银行卡,,,哥哥生日,  2026-02-28 16:00:02  ,,
支出,药品保健,,200.00,CNY,银行卡,,,妈妈药,  2026-02-28 16:00:01  ,,
支出,药品保健,,278.60,CNY,银行卡,,,钙尔奇钙片两盒,  2026-02-28 16:00:00  ,,
支出,房屋贷款,,1996.57,CNY,银行卡,,,房贷,  2026-02-28 16:00:00  ,,
支出,堂食外卖,,45.00,CNY,微信,,,汉堡,  2026-02-28 16:00:00  ,,
支出,堂食外卖,,21.25,CNY,银行卡,,,来优品,  2026-02-28 16:00:00  ,,
支出,堂食外卖,,15.30,CNY,银行卡,,,祖名豆浆,  2026-02-27 16:00:00  ,,
支出,零食饮品,,28.70,CNY,银行卡,,,君乐宝酸奶,  2026-02-27 16:00:00  ,,
支出,零食饮品,,35.98,CNY,银行卡,,,欧亚纯牛奶,  2026-02-27 16:00:00  ,,
支出,公交地铁,,12.90,CNY,微信,,,公交卡,  2026-02-26 16:00:00  ,,
支出,水电燃气,,100.00,CNY,银行卡,,,电费,  2026-02-25 16:00:00  ,,
支出,水电燃气,,91.28,CNY,银行卡,,,燃气,  2026-02-25 16:00:00  ,,
支出,宝宝穿搭,,18.89,CNY,银行卡,,,贝肽斯罩衣,  2026-02-25 16:00:00  ,,
支出,零食饮品,,15.00,CNY,银行卡,,,旺旺大礼包,  2026-02-24 16:00:00  ,,
支出,母婴用品,,25.05,CNY,银行卡,,,贝恩施认知卡片,  2026-02-24 16:00:00  ,,
支出,食材调料,,24.92,CNY,微信,,,酸奶香蕉,  2026-02-23 16:00:00  ,,
支出,堂食外卖,,29.90,CNY,银行卡,,,油,  2026-02-23 16:00:00  ,,
支出,堂食外卖,,15.00,CNY,银行卡,,,饼,  2026-02-23 16:00:00  ,,
支出,食材调料,,8.24,CNY,银行卡,,,菠菜,  2026-02-22 16:00:00  ,,
支出,堂食外卖,,27.40,CNY,微信,,,肯德基,  2026-02-22 16:00:00  ,,
支出,母婴用品,,2.91,CNY,银行卡,,,安尔乐拉拉裤,  2026-02-21 16:00:00  ,,
支出,奶茶甜品,,35.00,CNY,银行卡,,,DQ,  2026-02-21 16:00:00  ,,
支出,堂食外卖,,16.00,CNY,微信,,,早饭馄饨,  2026-02-20 16:00:00  ,,
支出,个护美妆,,130.00,CNY,微信,,,剃须刀,  2026-02-20 16:00:00  ,,
支出,堂食外卖,,31.00,CNY,银行卡,,,蛇果,  2026-02-20 16:00:00  ,,
支出,日用百货,,13.20,CNY,信用卡,,,衣架杆,  2026-02-20 16:00:00  ,,
支出,停车费用,,5.00,CNY,银行卡,,,停车费,  2026-02-19 16:00:00  ,,
支出,堂食外卖,,233.00,CNY,银行卡,,,淮扬菜,  2026-02-19 16:00:00  ,,
支出,宝宝穿搭,,159.00,CNY,银行卡,,,孩子王连体衣,  2026-02-19 16:00:00  ,,
支出,话费通讯,,100.00,CNY,银行卡,,,话费,  2026-02-18 16:00:00  ,,
支出,食材调料,,2590.00,CNY,支付宝,,,酒,  2026-02-17 16:00:00  ,,
支出,零食饮品,,6.00,CNY,支付宝,,,矿泉水,  2026-02-17 16:00:00  ,,
支出,奶茶甜品,,67.30,CNY,银行卡,,,奶茶,  2026-02-17 16:00:00  ,,
支出,加油充电,,100.00,CNY,银行卡,,,加油费,  2026-02-17 16:00:00  ,,
支出,美妆个护,,891.00,CNY,银行卡,,,雅诗兰黛小棕瓶精华,  2026-02-15 16:00:00  ,,
支出,服装鞋帽,,56.90,CNY,银行卡,,,毛衣,  2026-02-10 16:00:00  ,,
支出,美妆个护,,140.00,CNY,银行卡,,,MAC口红,  2026-02-10 16:00:00  ,,
支出,母婴用品,,25.50,CNY,银行卡,,,伊可新AD,  2026-02-09 16:00:00  ,,
支出,公交地铁,,10.00,CNY,银行卡,,,公交卡,  2026-02-09 16:00:00  ,,
支出,服装鞋帽,,88.00,CNY,银行卡,,,毛衣,  2026-02-08 16:00:00  ,,
支出,零食饮品,,34.10,CNY,银行卡,,,零食,  2026-02-07 16:00:00  ,,
支出,堂食外卖,,46.68,CNY,银行卡,,,盒马,  2026-02-06 16:00:00  ,,
支出,公交地铁,,10.00,CNY,银行卡,,,公交卡,  2026-02-05 16:00:00  ,,
支出,车品配件,,1.88,CNY,银行卡,,,汽车贴纸,  2026-02-05 16:00:00  ,,
支出,美妆个护,,233.32,CNY,银行卡,,,百雀羚面霜,  2026-02-04 16:00:00  ,,
支出,水电燃气,,200.00,CNY,银行卡,,,水费,  2026-02-03 16:00:00  ,,
支出,水电燃气,,100.00,CNY,银行卡,,,充电桩电费,  2026-02-03 16:00:00  ,,
支出,宝宝穿搭,,89.90,CNY,银行卡,,,巴拉巴拉连体衣两件,  2026-02-03 16:00:00  ,,
支出,宝宝穿搭,,132.60,CNY,银行卡,,,巴拉巴拉夹棉连体衣,  2026-02-03 16:00:00  ,,
支出,服装鞋帽,,11.80,CNY,银行卡,,,新年发饰,  2026-02-03 16:00:00  ,,
支出,日用百货,,9.52,CNY,信用卡,,,果泥勺,  2026-02-03 16:00:00  ,,
支出,厨房用品,,18.86,CNY,信用卡,,,砧板,  2026-02-03 16:00:00  ,,
支出,厨房用品,,7.12,CNY,信用卡,,,筛子,  2026-02-03 16:00:00  ,,
支出,厨房用品,,42.71,CNY,信用卡,,,奶锅,  2026-02-03 16:00:00  ,,
支出,厨房用品,,11.79,CNY,信用卡,,,菜刀,  2026-02-03 16:00:00  ,,
支出,厨房用品,,3.76,CNY,信用卡,,,刀架,  2026-02-03 16:00:00  ,,
支出,公交地铁,,10.00,CNY,银行卡,,,公交卡,  2026-02-02 16:00:00  ,,
支出,房屋贷款,,1996.57,CNY,银行卡,,,房贷,  2026-02-02 16:00:00  ,,
支出,零食饮品,,70.40,CNY,信用卡,,,老约翰,  2026-02-01 16:00:00  ,,
支出,停车费用,,7.00,CNY,信用卡,,,停车费,  2026-02-01 16:00:00  ,,
支出,母婴用品,,5.59,CNY,银行卡,,,收纳盒,  2026-01-31 16:00:00  ,,
支出,堂食外卖,,34.40,CNY,信用卡,,,肯德基,  2026-01-31 16:00:00  ,,
支出,堂食外卖,,27.74,CNY,银行卡,,,桂格麦片,  2026-01-30 16:00:00  ,,
支出,零食饮品,,57.00,CNY,银行卡,,,金典纯牛奶,  2026-01-30 16:00:00  ,,
支出,宝宝穿搭,,171.99,CNY,银行卡,,,巴拉巴拉拜年服,  2026-01-30 16:00:00  ,,
支出,母婴用品,,49.50,CNY,银行卡,,,世喜磨牙棒,  2026-01-30 16:00:00  ,,
支出,停车费用,,8.00,CNY,银行卡,,,停车费,  2026-01-29 16:00:00  ,,
支出,母婴用品,,115.68,CNY,银行卡,,,好奇铂金纸尿裤,  2026-01-28 16:00:00  ,,
支出,零食饮品,,78.00,CNY,银行卡,,,伊利奶粉,  2026-01-28 16:00:00  ,,
支出,人情礼金,,30.00,CNY,银行卡,,,大哥零花钱,  2026-01-28 16:00:00  ,,
支出,公交地铁,,10.00,CNY,银行卡,,,公交卡,  2026-01-27 16:00:00  ,,
支出,零食饮品,,73.00,CNY,银行卡,,,伊利奶粉,  2026-01-27 16:00:00  ,,
支出,食材调料,,124.00,CNY,银行卡,,,谢裕大茶叶,  2026-01-27 16:00:00  ,,
支出,宝宝穿搭,,149.90,CNY,银行卡,,,糖豆衣服,  2026-01-27 16:00:00  ,,
支出,宝宝穿搭,,79.90,CNY,银行卡,,,糖豆裤子,  2026-01-27 16:00:00  ,,
支出,宝宝穿搭,,10.42,CNY,银行卡,,,全包布发夹,  2026-01-27 16:00:00  ,,
支出,母婴用品,,253.00,CNY,银行卡,,,一页面霜,  2026-01-26 16:00:00  ,,
支出,母婴用品,,30.69,CNY,银行卡,,,遮阳帘,  2026-01-26 16:00:00  ,,
支出,药品保健,,400.00,CNY,银行卡,,,降糖药,  2026-01-26 16:00:00  ,,
支出,宝宝穿搭,,60.10,CNY,银行卡,,,宝宝餐椅,  2026-01-26 16:00:00  ,,
支出,零食饮品,,79.11,CNY,银行卡,,,三箱金典纯牛奶,  2026-01-26 16:00:00  ,,
支出,零食饮品,,171.72,CNY,银行卡,,,六箱金典纯牛奶,  2026-01-26 16:00:00  ,,
支出,母婴用品,,23.70,CNY,银行卡,,,Iuu洗澡座椅,  2026-01-26 16:00:00  ,,
支出,母婴用品,,30.20,CNY,银行卡,,,世喜奶嘴,  2026-01-25 16:00:00  ,,
支出,问诊就医,,25.00,CNY,银行卡,,,眼科挂号费,  2026-01-25 16:00:00  ,,
支出,堂食外卖,,44.80,CNY,银行卡,,,煲仔皇,  2026-01-25 16:00:00  ,,
支出,堂食外卖,,18.80,CNY,信用卡,,,九煲仔,  2026-01-25 16:00:00  ,,
支出,宝宝穿搭,,31.50,CNY,银行卡,,,口水巾,  2026-01-24 16:00:00  ,,
支出,日用百货,,4.65,CNY,银行卡,,,头绳,  2026-01-24 16:00:00  ,,
支出,手机数码,,21.03,CNY,银行卡,,,平板保护套,  2026-01-24 16:00:00  ,,
支出,堂食外卖,,37.85,CNY,信用卡,,,来优品,  2026-01-24 16:00:00  ,,
支出,个护美妆,,16.06,CNY,银行卡,,,海昌护理液,  2026-01-24 16:00:00  ,,
支出,食材调料,,13.59,CNY,银行卡,,,里脊肉饼,  2026-01-23 16:00:00  ,,
支出,食材调料,,16.10,CNY,银行卡,,,老醋蚕豆,  2026-01-23 16:00:00  ,,
支出,母婴用品,,98.55,CNY,银行卡,,,星鲨维生素D3,  2026-01-23 16:00:00  ,,
支出,母婴用品,,19.81,CNY,银行卡,,,十月结晶指套牙刷,  2026-01-22 16:00:00  ,,
支出,堂食外卖,,13.00,CNY,信用卡,,,拌面,  2026-01-22 16:00:00  ,,
支出,堂食外卖,,27.40,CNY,信用卡,,,炒面,  2026-01-22 16:00:00  ,,
支出,堂食外卖,,18.80,CNY,信用卡,,,寿司,  2026-01-22 16:00:00  ,,
支出,零食饮品,,112.71,CNY,银行卡,,,蛋糕,  2026-01-21 16:00:00  ,,
支出,堂食外卖,,3.92,CNY,银行卡,,,早饭,  2026-01-20 16:00:00  ,,
支出,公交地铁,,20.00,CNY,银行卡,,,公交卡,  2026-01-20 16:00:00  ,,
支出,奶茶甜品,,58.00,CNY,信用卡,,,蜜雪魏家,  2026-01-20 16:00:00  ,,
支出,美妆个护,,140.00,CNY,银行卡,,,珀莱雅水乳套装,  2026-01-20 16:00:00  ,,
支出,日用百货,,23.50,CNY,信用卡,,,春联,  2026-01-18 16:00:00  ,,
支出,食材调料,,140.00,CNY,信用卡,,,车厘子盒马,  2026-01-17 16:00:00  ,,
支出,公交地铁,,12.00,CNY,银行卡,,,公交卡,  2026-01-16 16:00:00  ,,
支出,零食饮品,,11.51,CNY,银行卡,,,饮料,  2026-01-16 16:00:00  ,,
支出,手机数码,,10.57,CNY,银行卡,,,镜头膜,  2026-01-16 16:00:00  ,,
支出,母婴用品,,1339.00,CNY,银行卡,,,路途乐安全座椅,  2026-01-16 16:00:00  ,,
支出,水电燃气,,100.00,CNY,银行卡,,,燃气费,  2026-01-15 16:00:00  ,,
支出,宝宝穿搭,,20.75,CNY,银行卡,,,乐扣乐扣围兜,  2026-01-15 16:00:00  ,,
支出,宝宝穿搭,,16.75,CNY,银行卡,,,袜子,  2026-01-15 16:00:00  ,,
支出,宝宝穿搭,,15.51,CNY,银行卡,,,袜子,  2026-01-15 16:00:00  ,,
支出,母婴用品,,49.38,CNY,银行卡,,,世喜辅食勺＋刮泥勺,  2026-01-14 16:00:00  ,,
支出,母婴用品,,47.84,CNY,银行卡,,,英式高铁米粉,  2026-01-14 16:00:00  ,,
支出,母婴用品,,45.52,CNY,银行卡,,,英式有机核桃油,  2026-01-14 16:00:00  ,,
支出,母婴用品,,105.64,CNY,银行卡,,,皇宠注水辅食碗,  2026-01-14 16:00:00  ,,
支出,奶粉辅食,,1100.84,CNY,信用卡,,,奶粉,  2026-01-13 16:00:00  ,,
支出,话费通讯,,100.00,CNY,银行卡,,,话费,  2026-01-13 16:00:00  ,,
支出,公交地铁,,10.00,CNY,银行卡,,,公交卡,  2026-01-12 16:00:00  ,,
支出,奶茶甜品,,26.00,CNY,信用卡,,,奶茶,  2026-01-11 16:00:00  ,,
支出,堂食外卖,,17.34,CNY,银行卡,,,伟新,  2026-01-11 16:00:00  ,,
支出,堂食外卖,,13.90,CNY,银行卡,,,炒面,  2026-01-11 16:00:00  ,,
支出,堂食外卖,,14.40,CNY,银行卡,,,拌面,  2026-01-11 16:00:00  ,,
支出,堂食外卖,,47.80,CNY,银行卡,,,盒马,  2026-01-10 16:00:00  ,,
支出,零食饮品,,15.55,CNY,银行卡,,,零食,  2026-01-07 16:00:00  ,,
支出,食材调料,,25.92,CNY,银行卡,,,腰果,  2026-01-05 16:00:00  ,,
支出,食材调料,,30.98,CNY,银行卡,,,开心果,  2026-01-05 16:00:00  ,,
支出,母婴用品,,85.53,CNY,银行卡,,,好奇铂金,  2026-01-05 16:00:00  ,,
支出,宝宝穿搭,,157.00,CNY,银行卡,,,戴维贝拉棉袄,  2026-01-04 16:00:02  ,,
支出,宝宝穿搭,,157.00,CNY,银行卡,,,乖奇熊棉袄,  2026-01-04 16:00:01  ,,
支出,宝宝穿搭,,20.90,CNY,银行卡,,,好宝棉鞋,  2026-01-04 16:00:00  ,,
支出,日用百货,,23.00,CNY,银行卡,,,曼秀雷敦润唇膏,  2026-01-04 16:00:00  ,,
支出,堂食外卖,,45.00,CNY,银行卡,,,汉堡,  2026-01-04 16:00:00  ,,
支出,美妆个护,,445.00,CNY,银行卡,,,娇韵诗精华水,  2026-01-03 16:00:00  ,,
支出,房屋贷款,,2029.75,CNY,银行卡,,,房贷,  2026-01-02 16:00:00  ,,
支出,堂食外卖,,39.68,CNY,银行卡,,,来优品,  2026-01-02 16:00:00  ,,
支出,堂食外卖,,35.00,CNY,银行卡,,,盒马,  2026-01-02 16:00:00  ,,
支出,堂食外卖,,49.90,CNY,银行卡,,,煲仔皇,  2026-01-01 16:00:00  ,,
支出,奶茶甜品,,8.00,CNY,银行卡,,,喜茶,  2026-01-01 16:00:00  ,,
支出,个护美妆,,198.00,CNY,信用卡,,,电子烟,  2025-12-29 16:00:00  ,,
支出,母婴用品,,469.40,CNY,银行卡,,,爱他美德爱1段2罐,  2025-12-28 16:00:00  ,,
支出,零食饮品,,3.00,CNY,银行卡,,,可乐,  2025-12-28 16:00:00  ,,
支出,堂食外卖,,93.00,CNY,信用卡,,,肯德基,  2025-12-28 16:00:00  ,,
支出,公交地铁,,10.00,CNY,银行卡,,,公交卡,  2025-12-25 16:00:00  ,,
支出,其他杂项,,5.02,CNY,银行卡,,,快递费,  2025-12-25 16:00:00  ,,
支出,水电燃气,,100.00,CNY,银行卡,,,充电桩电费,  2025-12-24 16:00:00  ,,
支出,食材调料,,13.80,CNY,银行卡,,,鸡蛋,  2025-12-23 16:00:00  ,,
支出,堂食外卖,,18.50,CNY,银行卡,,,宵夜,  2025-12-22 16:00:00  ,,
支出,公交地铁,,10.00,CNY,银行卡,,,公交卡,  2025-12-21 16:00:00  ,,
支出,母婴用品,,66.91,CNY,银行卡,,,babycare洗衣液,  2025-12-18 16:00:00  ,,
支出,公交地铁,,10.00,CNY,银行卡,,,公交卡,  2025-12-16 16:00:00  ,,
支出,零食饮品,,47.02,CNY,支付宝,,,老约翰,  2025-12-16 16:00:00  ,,
支出,奶茶甜品,,15.70,CNY,银行卡,,,奶茶,  2025-12-15 16:00:00  ,,
支出,奶茶甜品,,28.00,CNY,银行卡,,,卡旺卡,  2025-12-15 16:00:00  ,,
支出,零食饮品,,22.60,CNY,支付宝,,,詹记,  2025-12-14 16:00:00  ,,
支出,母婴用品,,79.20,CNY,微信,,,好奇铂金纸尿裤,  2025-12-13 16:00:00  ,,
支出,母婴用品,,22.64,CNY,微信,,,十月结晶清洁指套,  2025-12-13 16:00:00  ,,
支出,母婴用品,,106.19,CNY,银行卡,,,可心柔云柔巾,  2025-12-12 16:00:00  ,,
支出,堂食外卖,,12.30,CNY,银行卡,,,外卖,  2025-12-12 16:00:00  ,,
支出,公交地铁,,10.00,CNY,银行卡,,,公交卡,  2025-12-11 16:00:00  ,,
支出,服装鞋帽,,129.04,CNY,微信,,,朵朵棉秋衣两套,  2025-12-10 16:00:00  ,,
支出,服装鞋帽,,67.92,CNY,微信,,,朵朵棉秋衣,  2025-12-10 16:00:00  ,,
支出,堂食外卖,,15.38,CNY,银行卡,,,外卖,  2025-12-08 16:00:00  ,,
支出,公交地铁,,10.00,CNY,银行卡,,,公交卡,  2025-12-08 16:00:00  ,,
支出,堂食外卖,,26.80,CNY,信用卡,,,烤鸭,  2025-12-07 16:00:00  ,,
支出,堂食外卖,,110.00,CNY,信用卡,,,鸡公煲,  2025-12-07 16:00:00  ,,
支出,零食饮品,,11.50,CNY,银行卡,,,饮料,  2025-12-07 16:00:00  ,,
支出,停车费用,,600.00,CNY,信用卡,,,停车费,  2025-12-06 16:00:00  ,,
支出,零食饮品,,29.10,CNY,微信,,,酸奶,  2025-12-06 16:00:00  ,,
支出,公交地铁,,10.00,CNY,银行卡,,,公交卡,  2025-12-05 16:00:00  ,,
支出,零食饮品,,27.60,CNY,微信,,,飘香心语,  2025-12-05 16:00:00  ,,
支出,堂食外卖,,5.00,CNY,银行卡,,,早点,  2025-12-04 16:00:00  ,,
支出,服装鞋帽,,66.33,CNY,微信,,,牛仔裤,  2025-12-04 16:00:00  ,,
支出,母婴用品,,106.81,CNY,信用卡,,,babycare背带,  2025-12-04 16:00:00  ,,
支出,话费通讯,,95.00,CNY,微信,,,话费,  2025-12-03 16:00:00  ,,
支出,服装鞋帽,,48.90,CNY,微信,,,毛衣,  2025-12-03 16:00:00  ,,
支出,堂食外卖,,5.00,CNY,银行卡,,,早饭,  2025-12-02 16:00:00  ,,
支出,美容护肤,,100.00,CNY,银行卡,,,理发卡,  2025-12-02 16:00:00  ,,
支出,堂食外卖,,11.41,CNY,银行卡,,,午饭,  2025-12-02 16:00:00  ,,
支出,房屋贷款,,2018.33,CNY,银行卡,,,房贷,  2025-12-01 16:00:00  ,,
支出,宝宝穿搭,,31.50,CNY,支付宝,,,口水巾,  2025-12-01 16:00:00  ,,
收入,工资收入,,500.00,CNY,微信,,,狗东西欠工资,  2025-11-30 16:00:00  ,,
支出,堂食外卖,,13.80,CNY,银行卡,,,宵夜,  2025-11-30 16:00:00  ,,
支出,公交地铁,,10.00,CNY,银行卡,,,公交卡,  2025-11-30 16:00:00  ,,
支出,堂食外卖,,76.00,CNY,银行卡,,,鸡公煲,  2025-11-29 16:00:00  ,,
支出,堂食外卖,,15.50,CNY,银行卡,,,外卖,  2025-11-27 16:00:00  ,,
支出,堂食外卖,,16.90,CNY,银行卡,,,外卖,  2025-11-26 16:00:00  ,,
支出,零食饮品,,28.70,CNY,支付宝,,,君乐宝酸奶,  2025-11-24 16:00:00  ,,
支出,母婴用品,,70.41,CNY,微信,,,好奇铂金,  2025-11-22 16:00:00  ,,
支出,零食饮品,,34.99,CNY,信用卡,,,牛奶,  2025-11-22 16:00:00  ,,
支出,堂食外卖,,40.79,CNY,信用卡,,,大头卤菜,  2025-11-22 16:00:00  ,,
支出,母婴用品,,77.90,CNY,支付宝,,,棉柔巾,  2025-11-21 16:00:00  ,,
支出,公交地铁,,10.00,CNY,银行卡,,,公交卡,  2025-11-19 16:00:00  ,,
支出,堂食外卖,,5.00,CNY,银行卡,,,包子,  2025-11-19 16:00:00  ,,
支出,堂食外卖,,16.87,CNY,银行卡,,,外卖,  2025-11-19 16:00:00  ,,
支出,电脑配件,,17.90,CNY,银行卡,,,鼠标,  2025-11-18 16:00:00  ,,
支出,食材调料,,17.00,CNY,银行卡,,,牛肉面,  2025-11-18 16:00:00  ,,
支出,食材调料,,13.50,CNY,支付宝,,,粒上皇板栗,  2025-11-18 16:00:00  ,,
支出,零食饮品,,9.98,CNY,支付宝,,,粒上皇糖雪球,  2025-11-18 16:00:00  ,,
支出,食材调料,,20.00,CNY,微信,,,大哥剥板栗费用,  2025-11-18 16:00:00  ,,
支出,宝宝穿搭,,13.80,CNY,支付宝,,,宝宝加厚棉袜,  2025-11-18 16:00:00  ,,
支出,宝宝穿搭,,15.83,CNY,支付宝,,,宝宝加厚学步袜,  2025-11-18 16:00:00  ,,
支出,堂食外卖,,4.90,CNY,银行卡,,,早饭,  2025-11-17 16:00:00  ,,
支出,母婴用品,,35.90,CNY,支付宝,,,一次性隔尿垫,  2025-11-17 16:00:00  ,,
支出,堂食外卖,,35.00,CNY,微信,,,购菜,  2025-11-17 16:00:00  ,,
支出,堂食外卖,,31.30,CNY,微信,,,来优品,  2025-11-16 16:00:00  ,,
支出,食材调料,,37.60,CNY,微信,,,茉莉花茶,  2025-11-16 16:00:00  ,,
支出,堂食外卖,,46.30,CNY,微信,,,外卖,  2025-11-16 16:00:00  ,,
支出,出行打车,,33.05,CNY,信用卡,,,打车费,  2025-11-16 16:00:00  ,,
支出,手机数码,,3.62,CNY,微信,,,手机壳,  2025-11-15 16:00:00  ,,
支出,堂食外卖,,104.59,CNY,信用卡,,,盒马,  2025-11-15 16:00:00  ,,
支出,堂食外卖,,7.90,CNY,银行卡,,,外卖,  2025-11-13 16:00:00  ,,
支出,公交地铁,,10.00,CNY,银行卡,,,公交卡,  2025-11-13 16:00:00  ,,
支出,零食饮品,,59.70,CNY,微信,,,欧亚纯牛奶三箱,  2025-11-12 16:00:00  ,,
支出,母婴用品,,2.75,CNY,微信,,,超人沙锤,  2025-11-12 16:00:00  ,,
支出,宝宝穿搭,,10.00,CNY,微信,,,婴儿帽,  2025-11-12 16:00:00  ,,
支出,堂食外卖,,12.06,CNY,支付宝,,,水果,  2025-11-11 16:00:00  ,,
支出,日用百货,,8.00,CNY,微信,,,牛仔裤拉链,  2025-11-11 16:00:00  ,,
支出,公交地铁,,10.00,CNY,银行卡,,,公交卡,  2025-11-10 16:00:00  ,,
支出,堂食外卖,,16.80,CNY,银行卡,,,外卖宵夜,  2025-11-10 16:00:00  ,,
支出,堂食外卖,,11.00,CNY,银行卡,,,豆脑点心,  2025-11-09 16:00:00  ,,
支出,堂食外卖,,8.00,CNY,信用卡,,,煎饺沙汤,  2025-11-09 16:00:00  ,,
支出,食材调料,,18.00,CNY,微信,,,鸡蛋饼,  2025-11-09 16:00:00  ,,
支出,日用百货,,12.93,CNY,微信,,,遮光布,  2025-11-09 16:00:00  ,,
支出,宝宝穿搭,,105.13,CNY,微信,,,巴拉巴拉连体衣两件,  2025-11-09 16:00:00  ,,
支出,宝宝穿搭,,266.20,CNY,微信,,,一页宝宝面霜,  2025-11-09 16:00:00  ,,
支出,服装鞋帽,,348.23,CNY,微信,,,鸭鸭羽绒服,  2025-11-09 16:00:00  ,,
支出,人情礼金,,1500.00,CNY,微信,,,王智勇结婚份子钱,  2025-11-08 16:00:00  ,,
支出,出行打车,,7.78,CNY,银行卡,,,打车费,  2025-11-08 16:00:00  ,,
支出,出行打车,,8.48,CNY,银行卡,,,打车,  2025-11-08 16:00:00  ,,
支出,停车费用,,4.92,CNY,银行卡,,,停车费,  2025-11-08 16:00:00  ,,
支出,堂食外卖,,26.98,CNY,微信,,,超市购物,  2025-11-08 16:00:00  ,,
支出,零食饮品,,44.00,CNY,信用卡,,,爸爸生日蛋糕,  2025-11-07 16:00:00  ,,
支出,堂食外卖,,8.40,CNY,银行卡,,,工作日外卖,  2025-11-07 16:00:00  ,,
支出,堂食外卖,,40.00,CNY,现金,,,椒麻鸡,  2025-11-07 16:00:00  ,,
收入,转账红包,,1000.00,CNY,微信,,,狗东西欠工资,  2025-11-07 16:00:00  ,,
支出,堂食外卖,,9.20,CNY,银行卡,,,工作日外卖,  2025-11-06 16:00:00  ,,
支出,公交地铁,,10.00,CNY,银行卡,,,公交卡充值,  2025-11-05 16:00:00  ,,
支出,水电燃气,,100.00,CNY,支付宝,,,水费,  2025-11-05 16:00:00  ,,
支出,堂食外卖,,25.00,CNY,信用卡,,,老乡鸡,  2025-11-05 16:00:00  ,,
支出,日用百货,,30.43,CNY,支付宝,,,洁丽雅毛巾,  2025-11-05 16:00:00  ,,
支出,堂食外卖,,18.90,CNY,银行卡,,,宵夜,  2025-11-05 16:00:00  ,,
支出,公交地铁,,3.52,CNY,微信,,,骑行卡,  2025-11-04 16:00:00  ,,
支出,堂食外卖,,12.30,CNY,银行卡,,,外卖,  2025-11-04 16:00:00  ,,
支出,清洁用品,,20.56,CNY,银行卡,,,小洗衣机罩,  2025-11-04 16:00:00  ,,
收入,杂项退款,,297.00,CNY,银行卡,,,车险返现第三笔,  2025-11-03 16:00:00  ,,
支出,日用百货,,31.20,CNY,银行卡,,,避孕套,  2025-11-03 16:00:00  ,,
支出,人情礼金,,1000.00,CNY,银行卡,,,百日宴喜糖尾款,  2025-11-02 16:00:00  ,,
收入,转账红包,,12000.00,CNY,现金,,,好宝百日红包,  2025-11-02 16:00:00  ,,
收入,转账红包,,28100.00,CNY,现金,,,好宝百日红包,  2025-11-02 16:00:00  ,,
支出,堂食外卖,,16.67,CNY,信用卡,,,,  2025-11-02 16:00:00  ,,
支出,人情礼金,,3600.00,CNY,银行卡,,,老公生日礼物,  2025-11-02 16:00:00  ,,
收入,转账红包,,3600.00,CNY,银行卡,,,生日红包,  2025-11-02 16:00:00  ,,
支出,人情礼金,,8911.75,CNY,信用卡,,,酒席尾款,  2025-11-02 16:00:00  ,,
支出,日用百货,,6.50,CNY,支付宝,,,晾衣夹,  2025-11-01 16:00:00  ,,
支出,房屋贷款,,2018.33,CNY,银行卡,,,房贷,  2025-11-01 16:00:00  ,,
支出,堂食外卖,,9.82,CNY,信用卡,,,辣松包,  2025-11-01 16:00:00  ,,
支出,堂食外卖,,32.89,CNY,信用卡,,,蚕豆青豆,  2025-11-01 16:00:00  ,,
支出,堂食外卖,,36.00,CNY,信用卡,,,披萨外卖,  2025-11-01 16:00:00  ,,
收入,结余转入,,3939.61,CNY,银行卡,,,结余,  2025-11-01 16:00:00  ,,
支出,公交地铁,,10.00,CNY,银行卡,,,公交卡充值,  2025-10-31 16:00:00  ,,
支出,出行打车,,11.43,CNY,信用卡,,,打车,  2025-10-31 16:00:00  ,,
支出,人情礼金,,201.00,CNY,信用卡,,,请蚊子老师吃饭,  2025-10-31 16:00:00  ,,
支出,出行打车,,12.47,CNY,信用卡,,,打车,  2025-10-31 16:00:00  ,,
支出,日用百货,,24.90,CNY,支付宝,,,棉拖鞋,  2025-10-31 16:00:00  ,,
支出,日用百货,,36.95,CNY,支付宝,,,棉拖鞋,  2025-10-31 16:00:00  ,,
收入,转账红包,,600.00,CNY,现金,,,蚊子老师好宝百天,  2025-10-31 16:00:00  ,,
支出,出行打车,,10.62,CNY,银行卡,,,打车,  2025-10-30 16:00:00  ,,
支出,堂食外卖,,20.00,CNY,银行卡,,,炸串,  2025-10-30 16:00:00  ,,
支出,宝宝穿搭,,74.01,CNY,支付宝,,,巴拉巴拉连体衣,  2025-10-30 16:00:00  ,,
支出,箱包配饰,,16.06,CNY,支付宝,,,材料包,  2025-10-29 16:00:00  ,,
支出,公交地铁,,10.00,CNY,银行卡,,,公交卡,  2025-10-28 16:00:00  ,,
支出,家用电器,,332.44,CNY,信用卡,,,宝宝洗衣机,  2025-10-28 16:00:00  ,,
支出,零食饮品,,428.00,CNY,银行卡,,,好宝百日宴蛋糕,  2025-10-28 16:00:00  ,,
支出,车品配件,,6.90,CNY,银行卡,,,眼镜架香薰片,  2025-10-28 16:00:00  ,,
支出,车辆保险,,4263.85,CNY,信用卡,,,车险,  2025-10-27 16:00:00  ,,
收入,杂项退款,,74.00,CNY,支付宝,,,车险返现第一笔,  2025-10-27 16:00:00  ,,
支出,汽车贷款,,1916.67,CNY,银行卡,,,车贷,  2025-10-27 16:00:00  ,,
收入,杂项退款,,293.00,CNY,银行卡,,,车险返现第二笔,  2025-10-27 16:00:00  ,,
支出,母婴用品,,23.49,CNY,支付宝,,,纱布指套,  2025-10-26 16:00:00  ,,
支出,宝宝穿搭,,4.50,CNY,支付宝,,,囟门发带,  2025-10-26 16:00:00  ,,
支出,堂食外卖,,2.92,CNY,支付宝,,,炸鸡柳,  2025-10-26 16:00:00  ,,
支出,食材调料,,37.67,CNY,银行卡,,,牛肉面,  2025-10-25 16:00:00  ,,
支出,堂食外卖,,17.81,CNY,银行卡,,,来优品,  2025-10-25 16:00:00  ,,
支出,堂食外卖,,45.00,CNY,银行卡,,,来优品,  2025-10-25 16:00:00  ,,
支出,母婴用品,,77.70,CNY,银行卡,,,纸尿裤,  2025-10-25 16:00:00  ,,
支出,奶粉辅食,,1263.10,CNY,银行卡,,,爱他美奶粉,  2025-10-25 16:00:00  ,,
支出,宝宝穿搭,,77.90,CNY,银行卡,,,巴拉巴拉,  2025-10-25 16:00:00  ,,
支出,水电燃气,,100.00,CNY,银行卡,,,燃气费,  2025-10-25 16:00:00  ,,
支出,堂食外卖,,13.28,CNY,银行卡,,,,  2025-10-24 16:00:00  ,,
支出,日用百货,,69.80,CNY,银行卡,,,十字绣,  2025-10-24 16:00:00  ,,
支出,个护美妆,,48.49,CNY,银行卡,,,隐形眼镜,  2025-10-24 16:00:00  ,,
支出,堂食外卖,,8.70,CNY,银行卡,,,,  2025-10-23 16:00:00  ,,
支出,服装鞋帽,,142.40,CNY,银行卡,,,大哥保暖衣,  2025-10-22 16:00:00  ,,
支出,停车费用,,5.00,CNY,银行卡,,,停车费,  2025-10-22 16:00:00  ,,
支出,公交地铁,,10.00,CNY,银行卡,,,公交卡,  2025-10-22 16:00:00  ,,
支出,母婴用品,,63.84,CNY,银行卡,,,jollybaby布书+长颈鹿,  2025-10-22 16:00:00  ,,
支出,宝宝穿搭,,151.61,CNY,银行卡,,,贝肽斯睡袋,  2025-10-22 16:00:00  ,,
支出,母婴用品,,22.16,CNY,银行卡,,,螃蟹拉拉乐,  2025-10-22 16:00:00  ,,
支出,宝宝穿搭,,26.10,CNY,银行卡,,,好宝马甲,  2025-10-22 16:00:00  ,,
支出,疫苗体检,,90.00,CNY,银行卡,,,好宝B超,  2025-10-22 16:00:00  ,,
支出,堂食外卖,,4.93,CNY,银行卡,,,,  2025-10-21 16:00:00  ,,
支出,宝宝穿搭,,27.30,CNY,银行卡,,,好宝马甲,  2025-10-21 16:00:00  ,,
支出,日用百货,,6.79,CNY,银行卡,,,记账簿,  2025-10-20 16:00:00  ,,
支出,宝宝穿搭,,540.00,CNY,银行卡,,,好宝百天照,  2025-10-20 16:00:00  ,,
支出,堂食外卖,,39.80,CNY,银行卡,,,德克士,  2025-10-19 16:00:00  ,,
支出,日用百货,,160.00,CNY,银行卡,,,百天糖果定金,  2025-10-18 16:00:00  ,,
支出,日用百货,,27.00,CNY,银行卡,,,糖果,  2025-10-18 16:00:00  ,,
支出,日用百货,,5.14,CNY,银行卡,,,,  2025-10-18 16:00:00  ,,
支出,其他杂项,,100.00,CNY,银行卡,,,,  2025-10-18 16:00:00  ,,
支出,停车费用,,5.00,CNY,银行卡,,,停车费,  2025-10-18 16:00:00  ,,
支出,公交地铁,,10.00,CNY,银行卡,,,公交卡,  2025-10-17 16:00:00  ,,
支出,堂食外卖,,16.76,CNY,银行卡,,,,  2025-10-16 16:00:00  ,,
支出,堂食外卖,,11.84,CNY,银行卡,,,,  2025-10-16 16:00:00  ,,
支出,宝宝穿搭,,17.80,CNY,银行卡,,,好宝长筒袜,  2025-10-15 16:00:00  ,,
支出,个护美妆,,82.53,CNY,银行卡,,,棉花鹿洗脸巾,  2025-10-15 16:00:00  ,,
支出,日用百货,,25.10,CNY,银行卡,,,沐浴液补充装,  2025-10-14 16:00:00  ,,
支出,公交地铁,,10.00,CNY,银行卡,,,公交卡,  2025-10-13 16:00:00  ,,
支出,零食饮品,,32.73,CNY,银行卡,,,纯牛奶,  2025-10-12 16:00:00  ,,
支出,零食饮品,,2.30,CNY,银行卡,,,可乐,  2025-10-12 16:00:00  ,,
支出,母婴用品,,15.22,CNY,银行卡,,,防溢乳垫,  2025-10-10 16:00:00  ,,
支出,日用百货,,12.90,CNY,银行卡,,,,  2025-10-10 16:00:00  ,,
支出,日用百货,,45.66,CNY,银行卡,,,,  2025-10-08 16:00:00  ,,
支出,停车费用,,3.00,CNY,银行卡,,,停车费,  2025-10-08 16:00:00  ,,
支出,堂食外卖,,65.50,CNY,银行卡,,,肯德基,  2025-10-07 16:00:00  ,,
支出,堂食外卖,,51.60,CNY,银行卡,,,盒马,  2025-10-07 16:00:00  ,,
支出,清洁用品,,4.56,CNY,银行卡,,,纳米胶,  2025-10-06 16:00:00  ,,
支出,零食饮品,,15.00,CNY,银行卡,,,饮料,  2025-10-06 16:00:00  ,,
支出,人情礼金,,435.00,CNY,银行卡,,,酒,  2025-10-05 16:00:00  ,,
支出,日用百货,,11.00,CNY,银行卡,,,,  2025-10-04 16:00:00  ,,
支出,宝宝穿搭,,174.00,CNY,银行卡,,,好宝棉服,  2025-10-02 16:00:00  ,,
支出,宝宝穿搭,,81.13,CNY,银行卡,,,好宝连体衣,  2025-10-02 16:00:00  ,,
支出,零食饮品,,36.79,CNY,银行卡,,,纯牛奶,  2025-10-02 16:00:00  ,,
支出,零食饮品,,32.90,CNY,银行卡,,,旺仔,  2025-10-02 16:00:00  ,,
支出,出行打车,,8.50,CNY,银行卡,,,打车,  2025-10-02 16:00:00  ,,
支出,奶茶甜品,,27.00,CNY,银行卡,,,coco,  2025-10-02 16:00:00  ,,
支出,堂食外卖,,120.10,CNY,银行卡,,,盒马,  2025-10-02 16:00:00  ,,
支出,问诊就医,,2.50,CNY,银行卡,,,,  2025-10-01 16:00:00  ,,
支出,房屋贷款,,2018.33,CNY,银行卡,,,房贷,  2025-10-01 16:00:00  ,,
支出,日用百货,,69.00,CNY,银行卡,,,京东会员开卡,  2025-09-30 16:00:00  ,,
支出,公交地铁,,10.00,CNY,银行卡,,,公交卡,  2025-09-30 16:00:00  ,,
支出,箱包配饰,,1571.05,CNY,银行卡,,,寇驰水桶包,  2025-09-30 16:00:00  ,,
支出,宝宝穿搭,,67.80,CNY,银行卡,,,包屁衣,  2025-09-30 16:00:00  ,,
支出,零食饮品,,50.82,CNY,银行卡,,,酸奶,  2025-09-29 16:00:00  ,,
支出,零食饮品,,35.70,CNY,银行卡,,,酸奶,  2025-09-29 16:00:00  ,,
支出,堂食外卖,,43.18,CNY,银行卡,,,魏家凉皮,  2025-09-28 16:00:00  ,,
支出,堂食外卖,,15.88,CNY,银行卡,,,凉皮米线,  2025-09-28 16:00:00  ,,
支出,堂食外卖,,10.90,CNY,银行卡,,,,  2025-09-27 16:00:00  ,,
支出,孝敬长辈,,119.00,CNY,银行卡,,,钙片,  2025-09-27 16:00:00  ,,
支出,汽车贷款,,1916.67,CNY,银行卡,,,车贷,  2025-09-27 16:00:00  ,,
支出,其他花费,,27.00,CNY,银行卡,,,,  2025-09-26 16:00:00  ,,
支出,母婴用品,,34.91,CNY,银行卡,,,连裤袜,  2025-09-26 16:00:00  ,,
支出,宝宝穿搭,,359.00,CNY,银行卡,,,好宝百天照,  2025-09-25 16:00:00  ,,
支出,宝宝穿搭,,59.90,CNY,银行卡,,,包屁衣两件,  2025-09-25 16:00:00  ,,
支出,堂食外卖,,4.92,CNY,银行卡,,,,  2025-09-24 16:00:00  ,,
支出,堂食外卖,,11.30,CNY,银行卡,,,,  2025-09-23 16:00:00  ,,
支出,母婴用品,,4.90,CNY,银行卡,,,宜婴山茶花纸尿裤,  2025-09-23 16:00:00  ,,
支出,堂食外卖,,9.70,CNY,银行卡,,,,  2025-09-22 16:00:00  ,,
支出,服装鞋帽,,68.80,CNY,银行卡,,,大哥睡衣,  2025-09-22 16:00:00  ,,
支出,日用百货,,5.12,CNY,银行卡,,,安全知识,  2025-09-22 16:00:00  ,,
支出,公交地铁,,10.00,CNY,银行卡,,,公交卡,  2025-09-22 16:00:00  ,,
支出,母婴用品,,135.00,CNY,银行卡,,,宜婴山茶花纸尿裤,  2025-09-22 16:00:00  ,,
支出,堂食外卖,,10.00,CNY,银行卡,,,包子,  2025-09-21 16:00:00  ,,
支出,日用百货,,22.53,CNY,银行卡,,,挂钩,  2025-09-21 16:00:00  ,,
支出,日用百货,,1.60,CNY,银行卡,,,纽扣电池,  2025-09-21 16:00:00  ,,
支出,奶茶甜品,,32.00,CNY,银行卡,,,卡旺卡,  2025-09-21 16:00:00  ,,
支出,母婴用品,,36.30,CNY,银行卡,,,隔尿垫,  2025-09-21 16:00:00  ,,
支出,堂食外卖,,57.80,CNY,银行卡,,,,  2025-09-20 16:00:00  ,,
支出,堂食外卖,,63.69,CNY,银行卡,,,,  2025-09-20 16:00:00  ,,
支出,堂食外卖,,8.50,CNY,银行卡,,,,  2025-09-18 16:00:00  ,,
支出,堂食外卖,,10.90,CNY,银行卡,,,,  2025-09-17 16:00:00  ,,
支出,公交地铁,,10.00,CNY,银行卡,,,公交卡,  2025-09-17 16:00:00  ,,
支出,堂食外卖,,9.60,CNY,银行卡,,,,  2025-09-16 16:00:00  ,,
支出,日用百货,,2.35,CNY,银行卡,,,门牌号,  2025-09-16 16:00:00  ,,
支出,零食饮品,,12.50,CNY,银行卡,,,饼干,  2025-09-16 16:00:00  ,,
支出,堂食外卖,,10.90,CNY,银行卡,,,,  2025-09-15 16:00:00  ,,
支出,人情礼金,,3600.00,CNY,银行卡,,,百日宴定金,  2025-09-15 16:00:00  ,,
支出,食材调料,,54.90,CNY,银行卡,,,大米,  2025-09-13 16:00:00  ,,
支出,零食饮品,,33.70,CNY,银行卡,,,欧亚纯牛奶,  2025-09-13 16:00:00  ,,
支出,零食饮品,,51.59,CNY,银行卡,,,纯甄酸奶,  2025-09-13 16:00:00  ,,
支出,堂食外卖,,46.61,CNY,银行卡,,,来优品,  2025-09-13 16:00:00  ,,
支出,堂食外卖,,12.90,CNY,银行卡,,,,  2025-09-12 16:00:00  ,,
支出,出行打车,,13.87,CNY,银行卡,,,打车,  2025-09-12 16:00:00  ,,
支出,宝宝穿搭,,19.85,CNY,银行卡,,,好宝玩具,  2025-09-12 16:00:00  ,,
支出,堂食外卖,,5.60,CNY,银行卡,,,,  2025-09-11 16:00:00  ,,
支出,公交地铁,,10.00,CNY,银行卡,,,公交卡,  2025-09-11 16:00:00  ,,
支出,日用百货,,12.67,CNY,银行卡,,,,  2025-09-10 16:00:00  ,,
支出,问诊就医,,200.00,CNY,银行卡,,,,  2025-09-10 16:00:00  ,,
支出,堂食外卖,,11.83,CNY,银行卡,,,,  2025-09-09 16:00:00  ,,
支出,堂食外卖,,22.40,CNY,银行卡,,,,  2025-09-08 16:00:00  ,,
支出,公交地铁,,10.00,CNY,银行卡,,,公交卡,  2025-09-08 16:00:00  ,,
支出,其他花费,,19.30,CNY,银行卡,,,,  2025-09-08 16:00:00  ,,
支出,堂食外卖,,18.00,CNY,银行卡,,,,  2025-09-07 16:00:00  ,,
支出,电脑配件,,1397.80,CNY,银行卡,,,家用网络存储服务器,  2025-09-06 16:00:00  ,,
支出,堂食外卖,,17.32,CNY,银行卡,,,,  2025-09-05 16:00:00  ,,
支出,奶粉辅食,,1293.60,CNY,银行卡,,,德爱奶粉一箱,  2025-09-05 16:00:00  ,,
支出,母婴用品,,141.69,CNY,银行卡,,,贝乐欣护臀膏,  2025-09-05 16:00:00  ,,
支出,母婴用品,,51.00,CNY,银行卡,,,斜坡枕,  2025-09-05 16:00:00  ,,
支出,水电燃气,,100.00,CNY,银行卡,,,水费,  2025-09-05 16:00:00  ,,
支出,堂食外卖,,11.90,CNY,银行卡,,,,  2025-09-04 16:00:00  ,,
支出,母婴用品,,30.00,CNY,银行卡,,,糖果枕,  2025-09-04 16:00:00  ,,
支出,堂食外卖,,16.88,CNY,银行卡,,,,  2025-09-03 16:00:00  ,,
支出,母婴用品,,150.00,CNY,银行卡,,,宜婴山茶花纸尿裤,  2025-09-03 16:00:00  ,,
支出,日用百货,,9.90,CNY,银行卡,,,卷纸,  2025-09-02 16:00:00  ,,
支出,其他杂项,,100.00,CNY,银行卡,,,,  2025-09-02 16:00:00  ,,
支出,母婴用品,,32.00,CNY,银行卡,,,贝亲奶嘴,  2025-09-02 16:00:00  ,,
支出,堂食外卖,,36.10,CNY,银行卡,,,肯德基,  2025-09-01 16:00:00  ,,
支出,停车费用,,3.00,CNY,银行卡,,,停车费,  2025-09-01 16:00:00  ,,
支出,房屋贷款,,2018.33,CNY,银行卡,,,房贷,  2025-09-01 16:00:00  ,,
支出,堂食外卖,,50.60,CNY,银行卡,,,盒马,  2025-08-31 16:00:00  ,,
支出,堂食外卖,,8.00,CNY,银行卡,,,早饭,  2025-08-31 16:00:00  ,,
支出,食材调料,,18.50,CNY,银行卡,,,蔬菜,  2025-08-31 16:00:00  ,,
支出,食材调料,,16.00,CNY,银行卡,,,瘦肉,  2025-08-31 16:00:00  ,,
支出,食材调料,,12.00,CNY,银行卡,,,鸡翅,  2025-08-31 16:00:00  ,,
支出,食材调料,,27.90,CNY,银行卡,,,椰子油,  2025-08-31 16:00:00  ,,
支出,堂食外卖,,8.50,CNY,银行卡,,,,  2025-08-30 16:00:00  ,,
支出,堂食外卖,,16.75,CNY,银行卡,,,,  2025-08-30 16:00:00  ,,
支出,日用百货,,88.39,CNY,银行卡,,,棉柔巾,  2025-08-30 16:00:00  ,,
支出,堂食外卖,,37.50,CNY,银行卡,,,德克士,  2025-08-29 16:00:00  ,,
支出,问诊就医,,105.30,CNY,银行卡,,,,  2025-08-29 16:00:00  ,,
支出,问诊就医,,20.00,CNY,银行卡,,,挂号费,  2025-08-29 16:00:00  ,,
支出,堂食外卖,,36.50,CNY,银行卡,,,烧烤,  2025-08-28 16:00:00  ,,
支出,母婴用品,,211.00,CNY,银行卡,,,德爱1段,  2025-08-26 16:00:00  ,,
支出,汽车贷款,,1916.67,CNY,银行卡,,,车贷,  2025-08-26 16:00:00  ,,
支出,堂食外卖,,4.91,CNY,银行卡,,,,  2025-08-25 16:00:00  ,,
支出,日用百货,,13.68,CNY,银行卡,,,锦旗,  2025-08-25 16:00:00  ,,
支出,堂食外卖,,175.02,CNY,银行卡,,,盒马,  2025-08-24 16:00:00  ,,
支出,公交地铁,,10.00,CNY,银行卡,,,公交卡,  2025-08-24 16:00:00  ,,
支出,堂食外卖,,4.50,CNY,银行卡,,,,  2025-08-23 16:00:00  ,,
支出,堂食外卖,,6.50,CNY,银行卡,,,,  2025-08-23 16:00:00  ,,
支出,食材调料,,9.93,CNY,银行卡,,,卤花生,  2025-08-23 16:00:00  ,,
支出,食材调料,,46.00,CNY,银行卡,,,牛肉,  2025-08-23 16:00:00  ,,
支出,堂食外卖,,33.70,CNY,银行卡,,,烤鸭,  2025-08-23 16:00:00  ,,
支出,堂食外卖,,155.00,CNY,银行卡,,,菜,  2025-08-23 16:00:00  ,,
支出,堂食外卖,,15.14,CNY,银行卡,,,,  2025-08-23 16:00:00  ,,
支出,日用百货,,2.00,CNY,银行卡,,,打包费,  2025-08-23 16:00:00  ,,
支出,食材调料,,121.00,CNY,银行卡,,,酒,  2025-08-23 16:00:00  ,,
支出,堂食外卖,,4.93,CNY,银行卡,,,,  2025-08-22 16:00:00  ,,
支出,堂食外卖,,8.00,CNY,银行卡,,,,  2025-08-22 16:00:00  ,,
支出,堂食外卖,,6.50,CNY,银行卡,,,,  2025-08-22 16:00:00  ,,
支出,日用百货,,13.80,CNY,银行卡,,,手足印,  2025-08-22 16:00:00  ,,
支出,母婴用品,,9.90,CNY,银行卡,,,宜婴山茶花纸尿裤,  2025-08-22 16:00:00  ,,
支出,堂食外卖,,4.91,CNY,银行卡,,,,  2025-08-21 16:00:00  ,,
支出,堂食外卖,,12.90,CNY,银行卡,,,,  2025-08-21 16:00:00  ,,
支出,停车费用,,5.00,CNY,银行卡,,,停车费,  2025-08-21 16:00:00  ,,
支出,母婴用品,,9.90,CNY,银行卡,,,宜婴山茶花纸尿裤,  2025-08-21 16:00:00  ,,
支出,人情礼金,,500.00,CNY,银行卡,,,小叔搬家,  2025-08-21 16:00:00  ,,
支出,堂食外卖,,2.90,CNY,银行卡,,,,  2025-08-20 16:00:00  ,,
支出,堂食外卖,,4.91,CNY,银行卡,,,,  2025-08-20 16:00:00  ,,
支出,堂食外卖,,13.08,CNY,银行卡,,,,  2025-08-20 16:00:00  ,,
支出,零食饮品,,18.31,CNY,银行卡,,,矿泉水,  2025-08-20 16:00:00  ,,
支出,停车费用,,3.00,CNY,银行卡,,,停车费,  2025-08-20 16:00:00  ,,
支出,母婴用品,,9.00,CNY,银行卡,,,测黄疸费,  2025-08-20 16:00:00  ,,
支出,堂食外卖,,5.30,CNY,银行卡,,,,  2025-08-19 16:00:00  ,,
支出,堂食外卖,,25.67,CNY,银行卡,,,烧烤,  2025-08-19 16:00:00  ,,
支出,公交地铁,,10.00,CNY,银行卡,,,公交车,  2025-08-19 16:00:00  ,,
支出,母婴用品,,5.33,CNY,银行卡,,,宜婴山茶花纸尿裤,  2025-08-19 16:00:00  ,,
支出,母婴用品,,6.90,CNY,银行卡,,,宜婴山茶花纸尿裤,  2025-08-19 16:00:00  ,,
支出,堂食外卖,,8.60,CNY,银行卡,,,,  2025-08-18 16:00:00  ,,
支出,堂食外卖,,8.49,CNY,银行卡,,,,  2025-08-18 16:00:00  ,,
支出,母婴用品,,32.20,CNY,银行卡,,,宜婴纸尿裤,  2025-08-18 16:00:00  ,,
支出,堂食外卖,,15.00,CNY,银行卡,,,,  2025-08-17 16:00:00  ,,
支出,堂食外卖,,336.00,CNY,银行卡,,,,  2025-08-17 16:00:00  ,,
支出,零食饮品,,40.70,CNY,银行卡,,,面包,  2025-08-17 16:00:00  ,,
支出,母婴用品,,2.80,CNY,银行卡,,,宜婴纸尿裤,  2025-08-17 16:00:00  ,,
支出,食材调料,,43.87,CNY,银行卡,,,买菜,  2025-08-16 16:00:00  ,,
支出,日用百货,,4.98,CNY,银行卡,,,收纳篮,  2025-08-16 16:00:00  ,,
支出,日用百货,,2.85,CNY,银行卡,,,防风夹,  2025-08-16 16:00:00  ,,
支出,公交地铁,,10.00,CNY,银行卡,,,公交卡,  2025-08-16 16:00:00  ,,
支出,公交地铁,,5.00,CNY,银行卡,,,骑行卡,  2025-08-16 16:00:00  ,,
支出,宝宝穿搭,,53.76,CNY,银行卡,,,满月衣服＋押金,  2025-08-16 16:00:00  ,,
支出,母婴用品,,5.88,CNY,银行卡,,,预防接种证保护套,  2025-08-16 16:00:00  ,,
支出,母婴用品,,5.18,CNY,银行卡,,,核桃手绳,  2025-08-16 16:00:00  ,,
支出,问诊就医,,8.10,CNY,银行卡,,,医用酒精,  2025-08-16 16:00:00  ,,
支出,堂食外卖,,14.80,CNY,银行卡,,,,  2025-08-15 16:00:00  ,,
支出,母婴用品,,6.11,CNY,银行卡,,,碘伏棉签,  2025-08-15 16:00:00  ,,
支出,母婴用品,,5.51,CNY,银行卡,,,防水肚脐贴,  2025-08-15 16:00:00  ,,
支出,堂食外卖,,4.93,CNY,银行卡,,,,  2025-08-14 16:00:00  ,,
支出,堂食外卖,,1.20,CNY,银行卡,,,,  2025-08-14 16:00:00  ,,
支出,个护美妆,,22.00,CNY,银行卡,,,烟,  2025-08-14 16:00:00  ,,
支出,服装鞋帽,,29.80,CNY,银行卡,,,护垫,  2025-08-14 16:00:00  ,,
支出,堂食外卖,,4.60,CNY,银行卡,,,,  2025-08-13 16:00:00  ,,
支出,零食饮品,,34.99,CNY,银行卡,,,欧亚纯牛奶,  2025-08-13 16:00:00  ,,
支出,堂食外卖,,4.87,CNY,银行卡,,,,  2025-08-12 16:00:00  ,,
支出,堂食外卖,,14.00,CNY,银行卡,,,,  2025-08-12 16:00:00  ,,
支出,公交地铁,,10.00,CNY,银行卡,,,公交卡,  2025-08-12 16:00:00  ,,
支出,母婴用品,,85.25,CNY,银行卡,,,贝亲奶瓶,  2025-08-12 16:00:00  ,,
支出,堂食外卖,,4.92,CNY,银行卡,,,,  2025-08-11 16:00:00  ,,
支出,堂食外卖,,8.90,CNY,银行卡,,,,  2025-08-11 16:00:00  ,,
支出,堂食外卖,,23.60,CNY,银行卡,,,肯德基,  2025-08-11 16:00:00  ,,
支出,堂食外卖,,5.00,CNY,银行卡,,,,  2025-08-10 16:00:00  ,,
支出,堂食外卖,,8.91,CNY,银行卡,,,,  2025-08-10 16:00:00  ,,
支出,食材调料,,13.93,CNY,银行卡,,,买菜,  2025-08-10 16:00:00  ,,
支出,清洁用品,,5.42,CNY,银行卡,,,除霉剂,  2025-08-10 16:00:00  ,,
支出,食材调料,,1.20,CNY,银行卡,,,小葱,  2025-08-09 16:00:00  ,,
支出,堂食外卖,,4.30,CNY,银行卡,,,,  2025-08-09 16:00:00  ,,
支出,堂食外卖,,3.10,CNY,银行卡,,,,  2025-08-09 16:00:00  ,,
支出,堂食外卖,,8.00,CNY,银行卡,,,,  2025-08-09 16:00:00  ,,
支出,堂食外卖,,8.93,CNY,银行卡,,,,  2025-08-09 16:00:00  ,,
支出,堂食外卖,,4.89,CNY,银行卡,,,,  2025-08-08 16:00:00  ,,
支出,堂食外卖,,9.60,CNY,银行卡,,,,  2025-08-08 16:00:00  ,,
支出,堂食外卖,,5.93,CNY,银行卡,,,,  2025-08-07 16:00:00  ,,
支出,堂食外卖,,12.80,CNY,银行卡,,,,  2025-08-07 16:00:00  ,,
支出,日用百货,,11.10,CNY,银行卡,,,夹子,  2025-08-07 16:00:00  ,,
支出,堂食外卖,,6.41,CNY,银行卡,,,,  2025-08-06 16:00:00  ,,
支出,堂食外卖,,9.80,CNY,银行卡,,,韩式炸鸡,  2025-08-06 16:00:00  ,,
支出,食材调料,,21.76,CNY,银行卡,,,玉米,  2025-08-06 16:00:00  ,,
支出,公交地铁,,10.00,CNY,银行卡,,,公交卡,  2025-08-06 16:00:00  ,,
支出,母婴用品,,16.91,CNY,银行卡,,,防惊跳包巾,  2025-08-06 16:00:00  ,,
支出,水电燃气,,100.00,CNY,银行卡,,,燃气费,  2025-08-05 16:00:02  ,,
支出,水电燃气,,100.00,CNY,银行卡,,,水费,  2025-08-05 16:00:01  ,,
支出,堂食外卖,,7.90,CNY,银行卡,,,,  2025-08-05 16:00:00  ,,
支出,孝敬长辈,,88.70,CNY,银行卡,,,鞋子,  2025-08-05 16:00:00  ,,
支出,日用百货,,3.69,CNY,银行卡,,,,  2025-08-05 16:00:00  ,,
支出,清洁用品,,10.68,CNY,银行卡,,,洗洁精,  2025-08-05 16:00:00  ,,
支出,水电燃气,,50.00,CNY,银行卡,,,充电桩,  2025-08-05 16:00:00  ,,
支出,堂食外卖,,15.80,CNY,银行卡,,,外卖,  2025-08-04 16:00:00  ,,
支出,日用百货,,16.90,CNY,银行卡,,,踩脚式垃圾桶,  2025-08-04 16:00:00  ,,
支出,食材调料,,17.29,CNY,银行卡,,,十月稻田糙米,  2025-08-04 16:00:00  ,,
支出,问诊就医,,200.00,CNY,银行卡,,,,  2025-08-04 16:00:00  ,,
支出,食材调料,,9.05,CNY,银行卡,,,买菜,  2025-08-03 16:00:00  ,,
支出,堂食外卖,,252.00,CNY,银行卡,,,宋徽厨,  2025-08-03 16:00:00  ,,
支出,堂食外卖,,14.91,CNY,银行卡,,,,  2025-08-03 16:00:00  ,,
支出,日用百货,,23.20,CNY,银行卡,,,维达卷纸,  2025-08-03 16:00:00  ,,
支出,食材调料,,8.01,CNY,银行卡,,,椰子油,  2025-08-03 16:00:00  ,,
支出,出行打车,,6.60,CNY,银行卡,,,打车,  2025-08-03 16:00:00  ,,
支出,母婴用品,,5.66,CNY,银行卡,,,碘伏棉签,  2025-08-03 16:00:00  ,,
支出,日用百货,,16.80,CNY,银行卡,,,保鲜膜,  2025-08-02 16:00:00  ,,
支出,家用电器,,36.90,CNY,银行卡,,,净水器滤芯,  2025-08-02 16:00:00  ,,
支出,零食饮品,,9.00,CNY,银行卡,,,苏打水,  2025-08-02 16:00:00  ,,
支出,日用百货,,13.39,CNY,银行卡,,,门铃,  2025-08-02 16:00:00  ,,
支出,日用百货,,9.80,CNY,银行卡,,,宜婴,  2025-08-02 16:00:00  ,,
支出,公交地铁,,10.00,CNY,银行卡,,,公交卡,  2025-08-02 16:00:00  ,,
支出,公交地铁,,1.80,CNY,银行卡,,,公交车,  2025-08-02 16:00:00  ,,
支出,奶粉辅食,,228.93,CNY,银行卡,,,好宝奶粉,  2025-08-02 16:00:00  ,,
支出,堂食外卖,,5.00,CNY,银行卡,,,早饭,  2025-08-01 16:00:00  ,,
支出,堂食外卖,,17.80,CNY,银行卡,,,外卖,  2025-08-01 16:00:00  ,,
支出,食材调料,,44.49,CNY,银行卡,,,买菜,  2025-08-01 16:00:00  ,,
支出,食材调料,,6.60,CNY,银行卡,,,西红柿,  2025-08-01 16:00:00  ,,
支出,房屋贷款,,2018.33,CNY,银行卡,,,房贷,  2025-08-01 16:00:00  ,,
支出,堂食外卖,,23.00,CNY,银行卡,,,烤鸭,  2025-07-31 16:00:00  ,,
支出,堂食外卖,,227.00,CNY,银行卡,,,宋徽厨,  2025-07-31 16:00:00  ,,
支出,人情礼金,,300.00,CNY,银行卡,,,糖豆生日,  2025-07-31 16:00:00  ,,
支出,出行打车,,8.02,CNY,银行卡,,,打车,  2025-07-31 16:00:00  ,,
支出,出行打车,,8.49,CNY,银行卡,,,打车,  2025-07-31 16:00:00  ,,
支出,堂食外卖,,59.69,CNY,银行卡,,,包子,  2025-07-30 16:00:00  ,,
支出,堂食外卖,,14.93,CNY,银行卡,,,,  2025-07-30 16:00:00  ,,
支出,堂食外卖,,52.68,CNY,银行卡,,,盒马,  2025-07-30 16:00:00  ,,
支出,食材调料,,13.90,CNY,银行卡,,,木瓜,  2025-07-30 16:00:00  ,,
支出,堂食外卖,,44.50,CNY,银行卡,,,盒马,  2025-07-29 16:00:00  ,,
支出,奶茶甜品,,37.00,CNY,银行卡,,,卡旺卡,  2025-07-29 16:00:00  ,,
支出,食材调料,,22.90,CNY,银行卡,,,玉米,  2025-07-28 16:00:00  ,,
支出,食材调料,,22.40,CNY,银行卡,,,酒酿 圆子 通草,  2025-07-28 16:00:00  ,,
支出,日用百货,,27.60,CNY,银行卡,,,维达抽纸,  2025-07-28 16:00:00  ,,
支出,母婴用品,,50.40,CNY,银行卡,,,星鲨D3,  2025-07-28 16:00:00  ,,
支出,食材调料,,23.98,CNY,银行卡,,,莲子,  2025-07-27 16:00:00  ,,
支出,食材调料,,8.99,CNY,银行卡,,,蚝油,  2025-07-27 16:00:00  ,,
支出,汽车贷款,,1916.67,CNY,银行卡,,,车贷,  2025-07-27 16:00:00  ,,
支出,药品保健,,22.83,CNY,银行卡,,,烫伤膏,  2025-07-27 16:00:00  ,,
支出,日用百货,,15.80,CNY,银行卡,,,艾草,  2025-07-26 16:00:00  ,,
支出,堂食外卖,,78.00,CNY,银行卡,,,联家超市,  2025-07-26 16:00:00  ,,
支出,零食饮品,,28.26,CNY,银行卡,,,纯牛奶,  2025-07-26 16:00:00  ,,
支出,堂食外卖,,121.40,CNY,银行卡,,,盒马,  2025-07-26 16:00:00  ,,
支出,宝宝穿搭,,12.93,CNY,银行卡,,,宝宝防抓手套,  2025-07-26 16:00:00  ,,
支出,奶粉辅食,,105.00,CNY,银行卡,,,好宝住院奶粉钱,  2025-07-26 16:00:00  ,,
支出,母婴用品,,71.50,CNY,银行卡,,,护臀膏,  2025-07-26 16:00:00  ,,
支出,母婴用品,,27.19,CNY,银行卡,,,好奇小龙裤,  2025-07-26 16:00:00  ,,
支出,堂食外卖,,62.00,CNY,银行卡,,,肯德基,  2025-07-25 16:00:00  ,,
支出,堂食外卖,,18.30,CNY,银行卡,,,打杂面,  2025-07-25 16:00:00  ,,
支出,堂食外卖,,7.79,CNY,银行卡,,,包子,  2025-07-24 16:00:00  ,,
支出,堂食外卖,,179.26,CNY,银行卡,,,盒马,  2025-07-24 16:00:00  ,,
支出,日用百货,,79.90,CNY,银行卡,,,大哥鞋子,  2025-07-24 16:00:00  ,,
支出,日用百货,,12.90,CNY,银行卡,,,护腰带,  2025-07-24 16:00:00  ,,
支出,宝宝穿搭,,39.40,CNY,银行卡,,,童泰胎帽,  2025-07-24 16:00:00  ,,
支出,车品配件,,17.90,CNY,银行卡,,,洗车,  2025-07-24 16:00:00  ,,
支出,游戏娱乐,,158.95,CNY,银行卡,,,大哥游戏卡,  2025-07-24 16:00:00  ,,
支出,堂食外卖,,10.80,CNY,银行卡,,,粥星星,  2025-07-23 16:00:00  ,,
支出,堂食外卖,,12.06,CNY,银行卡,,,肥叔,  2025-07-23 16:00:00  ,,
支出,日用百货,,32.90,CNY,银行卡,,,床护栏配件,  2025-07-23 16:00:00  ,,
支出,日用百货,,47.41,CNY,银行卡,,,凉席,  2025-07-23 16:00:00  ,,
支出,日用百货,,11.87,CNY,银行卡,,,吸盘挂钩,  2025-07-23 16:00:00  ,,
支出,日用百货,,2.30,CNY,银行卡,,,锅盖头,  2025-07-23 16:00:00  ,,
支出,堂食外卖,,1.80,CNY,银行卡,,,水,  2025-07-23 16:00:00  ,,
支出,母婴用品,,65.50,CNY,银行卡,,,小白熊温奶器,  2025-07-23 16:00:00  ,,
支出,摄影写真,,3.00,CNY,银行卡,,,复印,  2025-07-23 16:00:00  ,,
支出,食材调料,,4.50,CNY,银行卡,,,玉米花卷,  2025-07-22 16:00:00  ,,
支出,堂食外卖,,15.90,CNY,银行卡,,,煲仔饭,  2025-07-22 16:00:00  ,,
支出,日用百货,,4.80,CNY,银行卡,,,陪护椅费用,  2025-07-22 16:00:00  ,,
支出,堂食外卖,,3.00,CNY,银行卡,,,水,  2025-07-22 16:00:00  ,,
支出,公交地铁,,7.50,CNY,银行卡,,,骑行卡,  2025-07-21 16:00:00  ,,
支出,母婴用品,,96.60,CNY,银行卡,,,乳头膏,  2025-07-21 16:00:00  ,,
支出,堂食外卖,,40.45,CNY,银行卡,,,早饭4人,  2025-07-20 16:00:00  ,,
支出,问诊就医,,18.49,CNY,银行卡,,,便盆,  2025-07-20 16:00:00  ,,
支出,堂食外卖,,14.70,CNY,银行卡,,,早饭,  2025-07-19 16:00:00  ,,
支出,堂食外卖,,8.80,CNY,银行卡,,,粥,  2025-07-19 16:00:00  ,,
支出,服装鞋帽,,49.00,CNY,银行卡,,,大哥体恤,  2025-07-19 16:00:00  ,,
支出,堂食外卖,,45.90,CNY,银行卡,,,肯德基,  2025-07-18 16:00:00  ,,
支出,堂食外卖,,92.50,CNY,银行卡,,,刀板香,  2025-07-18 16:00:00  ,,
支出,零食饮品,,9.20,CNY,银行卡,,,面包,  2025-07-18 16:00:00  ,,
支出,奶茶甜品,,35.00,CNY,银行卡,,,卡旺卡,  2025-07-18 16:00:00  ,,
支出,食材调料,,31.00,CNY,银行卡,,,牛肉面,  2025-07-17 16:00:00  ,,
支出,堂食外卖,,14.80,CNY,银行卡,,,米线,  2025-07-17 16:00:00  ,,
支出,堂食外卖,,20.69,CNY,银行卡,,,麻辣香锅,  2025-07-17 16:00:00  ,,
支出,堂食外卖,,13.10,CNY,银行卡,,,粥,  2025-07-17 16:00:00  ,,
支出,出行打车,,3.60,CNY,银行卡,,,打车,  2025-07-17 16:00:00  ,,
支出,堂食外卖,,23.18,CNY,银行卡,,,,  2025-07-17 16:00:00  ,,
支出,食材调料,,13.80,CNY,银行卡,,,里脊肉饼,  2025-07-16 16:00:00  ,,
支出,其他杂项,,100.00,CNY,银行卡,,,,  2025-07-16 16:00:00  ,,
支出,堂食外卖,,11.80,CNY,银行卡,,,外卖,  2025-07-15 16:00:00  ,,
支出,问诊就医,,2.50,CNY,银行卡,,,运费,  2025-07-15 16:00:00  ,,
支出,人情礼金,,500.00,CNY,银行卡,,,二姨夫骨折,  2025-07-14 16:00:00  ,,
支出,堂食外卖,,11.00,CNY,银行卡,,,早饭,  2025-07-13 16:00:00  ,,
支出,食材调料,,3.40,CNY,银行卡,,,买菜,  2025-07-13 16:00:00  ,,
支出,日用百货,,19.80,CNY,银行卡,,,德力西插排,  2025-07-13 16:00:00  ,,
支出,堂食外卖,,12.63,CNY,银行卡,,,来优品,  2025-07-13 16:00:00  ,,
支出,停车费用,,5.00,CNY,银行卡,,,停车费,  2025-07-12 16:00:00  ,,
支出,零食饮品,,3.80,CNY,银行卡,,,气泡水,  2025-07-12 16:00:00  ,,
支出,堂食外卖,,50.70,CNY,银行卡,,,盒马,  2025-07-12 16:00:00  ,,
支出,堂食外卖,,101.20,CNY,银行卡,,,盒马,  2025-07-10 16:00:00  ,,
支出,日用百货,,47.90,CNY,银行卡,,,边几桌子,  2025-07-10 16:00:00  ,,
支出,食材调料,,19.90,CNY,银行卡,,,玉米,  2025-07-09 16:00:00  ,,
支出,堂食外卖,,32.46,CNY,银行卡,,,来优品,  2025-07-09 16:00:00  ,,
支出,奶粉辅食,,235.66,CNY,银行卡,,,爱他美奶粉,  2025-07-08 16:00:00  ,,
支出,堂食外卖,,5.38,CNY,银行卡,,,外卖,  2025-07-07 16:00:00  ,,
支出,堂食外卖,,100.00,CNY,银行卡,,,,  2025-07-07 16:00:00  ,,
支出,堂食外卖,,17.90,CNY,银行卡,,,早饭,  2025-07-06 16:00:00  ,,
支出,堂食外卖,,45.70,CNY,银行卡,,,肯德基,  2025-07-06 16:00:00  ,,
支出,日用百货,,174.69,CNY,银行卡,,,沙发凉席垫,  2025-07-06 16:00:00  ,,
支出,清洁用品,,23.90,CNY,银行卡,,,奥秘消毒液,  2025-07-06 16:00:00  ,,
支出,日用百货,,19.67,CNY,银行卡,,,垃圾袋,  2025-07-06 16:00:00  ,,
支出,堂食外卖,,86.16,CNY,银行卡,,,联家超市,  2025-07-05 16:00:00  ,,
支出,停车费用,,5.00,CNY,银行卡,,,停车费,  2025-07-05 16:00:00  ,,
支出,零食饮品,,23.10,CNY,银行卡,,,超港,  2025-07-05 16:00:00  ,,
支出,奶茶甜品,,4.99,CNY,银行卡,,,奶茶,  2025-07-05 16:00:00  ,,
支出,药品保健,,34.10,CNY,银行卡,,,钙片,  2025-07-05 16:00:00  ,,
支出,堂食外卖,,3.50,CNY,银行卡,,,烧饼,  2025-07-02 16:00:00  ,,
支出,日用百货,,3.77,CNY,银行卡,,,防烫夹,  2025-07-02 16:00:00  ,,
支出,零食饮品,,34.11,CNY,银行卡,,,娃哈哈AD钙奶,  2025-07-02 16:00:00  ,,
支出,食材调料,,1.70,CNY,银行卡,,,方便面,  2025-07-02 16:00:00  ,,
支出,堂食外卖,,5.00,CNY,银行卡,,,烧饼,  2025-07-01 16:00:00  ,,
支出,人情礼金,,200.00,CNY,银行卡,,,妈妈药,  2025-07-01 16:00:00  ,,
支出,家用电器,,37.50,CNY,银行卡,,,净水器滤芯,  2025-07-01 16:00:00  ,,
支出,奶茶甜品,,31.50,CNY,银行卡,,,冰棒,  2025-07-01 16:00:00  ,,
支出,房屋贷款,,2018.33,CNY,银行卡,,,房贷,  2025-07-01 16:00:00  ,,
支出,堂食外卖,,16.77,CNY,银行卡,,,大哥宵夜,  2025-06-30 16:00:00  ,,
支出,人情礼金,,500.00,CNY,银行卡,,,大哥零花钱,  2025-06-30 16:00:00  ,,
支出,其他杂项,,4.98,CNY,银行卡,,,快递费,  2025-06-30 16:00:00  ,,
支出,母婴用品,,169.00,CNY,银行卡,,,监控,  2025-06-30 16:00:00  ,,
支出,宝宝穿搭,,7.92,CNY,银行卡,,,婴儿矿泉水,  2025-06-30 16:00:00  ,,
支出,堂食外卖,,41.10,CNY,银行卡,,,肯德基,  2025-06-29 16:00:00  ,,
支出,堂食外卖,,130.00,CNY,银行卡,,,烟油,  2025-06-29 16:00:00  ,,
支出,停车费用,,5.00,CNY,银行卡,,,停车费,  2025-06-29 16:00:00  ,,
支出,停车费用,,5.57,CNY,银行卡,,,停车费,  2025-06-28 16:00:02  ,,
支出,停车费用,,5.57,CNY,银行卡,,,停车费,  2025-06-28 16:00:01  ,,
支出,堂食外卖,,15.00,CNY,银行卡,,,好乐鸡,  2025-06-28 16:00:00  ,,
支出,堂食外卖,,5.00,CNY,银行卡,,,喜姐炸串年糕,  2025-06-28 16:00:00  ,,
支出,零食饮品,,27.50,CNY,银行卡,,,超港,  2025-06-28 16:00:00  ,,
支出,堂食外卖,,35.30,CNY,银行卡,,,,  2025-06-28 16:00:00  ,,
支出,服装鞋帽,,76.40,CNY,银行卡,,,大哥睡衣两套,  2025-06-27 16:00:00  ,,
支出,食材调料,,18.49,CNY,银行卡,,,十月稻田糙米,  2025-06-27 16:00:00  ,,
支出,宝宝穿搭,,83.11,CNY,银行卡,,,宝宝婴儿车床笠两件,  2025-06-27 16:00:00  ,,
支出,汽车贷款,,1916.67,CNY,银行卡,,,车贷,  2025-06-27 16:00:00  ,,
支出,堂食外卖,,51.40,CNY,银行卡,,,盒马,  2025-06-26 16:00:00  ,,
支出,堂食外卖,,11.90,CNY,银行卡,,,外卖,  2025-06-25 16:00:00  ,,
支出,堂食外卖,,100.00,CNY,银行卡,,,,  2025-06-25 16:00:00  ,,
支出,日用百货,,9.41,CNY,银行卡,,,拖鞋,  2025-06-25 16:00:00  ,,
支出,日用百货,,11.92,CNY,银行卡,,,保鲜膜套,  2025-06-25 16:00:00  ,,
支出,日用百货,,8.18,CNY,银行卡,,,马桶刷,  2025-06-25 16:00:00  ,,
支出,母婴用品,,165.53,CNY,银行卡,,,苏泊尔恒温杯,  2025-06-25 16:00:00  ,,
支出,食材调料,,13.00,CNY,银行卡,,,西瓜,  2025-06-25 16:00:00  ,,
支出,堂食外卖,,11.50,CNY,银行卡,,,阿贵锅贴,  2025-06-24 16:00:00  ,,
支出,堂食外卖,,17.90,CNY,银行卡,,,喜姐,  2025-06-24 16:00:00  ,,
支出,堂食外卖,,34.90,CNY,银行卡,,,德克士,  2025-06-23 16:00:00  ,,
支出,日用百货,,17.62,CNY,银行卡,,,维达卷纸,  2025-06-23 16:00:00  ,,
支出,个护美妆,,53.80,CNY,银行卡,,,养元青洗发水,  2025-06-23 16:00:00  ,,
支出,家用电器,,93.99,CNY,银行卡,,,电风扇,  2025-06-23 16:00:00  ,,
支出,食材调料,,25.00,CNY,银行卡,,,淮南牛肉汤,  2025-06-22 16:00:00  ,,
支出,日用百货,,3.56,CNY,银行卡,,,浴室螺丝贴,  2025-06-22 16:00:00  ,,
支出,车品配件,,19.50,CNY,银行卡,,,空调滤芯,  2025-06-22 16:00:00  ,,
支出,堂食外卖,,63.11,CNY,银行卡,,,联家超市,  2025-06-22 16:00:00  ,,
支出,堂食外卖,,119.80,CNY,银行卡,,,盒马,  2025-06-21 16:00:00  ,,
支出,堂食外卖,,89.00,CNY,银行卡,,,金佬馆川菜,  2025-06-21 16:00:00  ,,
支出,堂食外卖,,15.10,CNY,银行卡,,,良品粥铺,  2025-06-21 16:00:00  ,,
支出,零食饮品,,34.00,CNY,银行卡,,,蓝塔蛋糕,  2025-06-21 16:00:00  ,,
支出,零食饮品,,13.19,CNY,银行卡,,,馋嘴侠饮料,  2025-06-20 16:00:00  ,,
支出,堂食外卖,,19.54,CNY,银行卡,,,湘鼎盛,  2025-06-19 16:00:00  ,,
支出,美妆个护,,1175.73,CNY,银行卡,,,妹妹生日礼物 雅诗兰黛套装,  2025-06-18 16:00:00  ,,
支出,宝宝穿搭,,654.88,CNY,银行卡,,,宝宝婴儿床,  2025-06-18 16:00:00  ,,
支出,母婴用品,,23.83,CNY,银行卡,,,澳贝手摇铃牙胶,  2025-06-18 16:00:00  ,,
支出,食材调料,,11.00,CNY,银行卡,,,西瓜,  2025-06-18 16:00:00  ,,
支出,堂食外卖,,42.00,CNY,银行卡,,,鲜丰水果,  2025-06-18 16:00:00  ,,
支出,堂食外卖,,100.00,CNY,银行卡,,,,  2025-06-17 16:00:00  ,,
支出,堂食外卖,,7.90,CNY,银行卡,,,外卖,  2025-06-17 16:00:00  ,,
支出,堂食外卖,,27.00,CNY,银行卡,,,馋嘴侠,  2025-06-17 16:00:00  ,,
支出,堂食外卖,,7.70,CNY,银行卡,,,外卖,  2025-06-16 16:00:00  ,,
支出,堂食外卖,,14.70,CNY,银行卡,,,喜姐,  2025-06-16 16:00:00  ,,
支出,零食饮品,,28.50,CNY,银行卡,,,詹记,  2025-06-16 16:00:00  ,,
支出,堂食外卖,,17.90,CNY,银行卡,,,曾三线米线,  2025-06-15 16:00:00  ,,
支出,食材调料,,5.70,CNY,银行卡,,,淮南牛肉汤,  2025-06-15 16:00:00  ,,
支出,食材调料,,6.90,CNY,银行卡,,,牛肉面,  2025-06-15 16:00:00  ,,
支出,日用百货,,2.20,CNY,银行卡,,,硅胶衣架防风扣,  2025-06-15 16:00:00  ,,
支出,个护美妆,,29.24,CNY,银行卡,,,十月结晶计量型卫生巾,  2025-06-15 16:00:00  ,,
支出,食材调料,,16.30,CNY,银行卡,,,买菜,  2025-06-15 16:00:00  ,,
支出,日用百货,,3.69,CNY,银行卡,,,置物架,  2025-06-15 16:00:00  ,,
支出,美妆个护,,100.00,CNY,银行卡,,,充卡,  2025-06-15 16:00:00  ,,
支出,母婴用品,,16.85,CNY,银行卡,,,脐带卷,  2025-06-15 16:00:00  ,,
支出,堂食外卖,,31.60,CNY,银行卡,,,,  2025-06-15 16:00:00  ,,
支出,食材调料,,2.50,CNY,银行卡,,,买菜,  2025-06-14 16:00:00  ,,
支出,堂食外卖,,15.90,CNY,银行卡,,,紫燕百味鸡,  2025-06-14 16:00:00  ,,
支出,服装鞋帽,,21.70,CNY,银行卡,,,free go一次性内裤,  2025-06-14 16:00:00  ,,
支出,孝敬长辈,,75.05,CNY,银行卡,,,爸爸T恤,  2025-06-14 16:00:00  ,,
支出,堂食外卖,,51.59,CNY,银行卡,,,盒马,  2025-06-14 16:00:00  ,,
支出,奶茶甜品,,59.30,CNY,银行卡,,,三麟椰子水,  2025-06-14 16:00:00  ,,
支出,堂食外卖,,14.90,CNY,银行卡,,,外卖,  2025-06-13 16:00:00  ,,
支出,人情礼金,,43.80,CNY,银行卡,,,父亲节礼物,  2025-06-13 16:00:00  ,,
支出,食材调料,,12.00,CNY,银行卡,,,西瓜,  2025-06-13 16:00:00  ,,
支出,堂食外卖,,24.50,CNY,银行卡,,,肯德基,  2025-06-12 16:00:00  ,,
支出,停车费用,,5.00,CNY,银行卡,,,停车费,  2025-06-12 16:00:00  ,,
支出,堂食外卖,,4.10,CNY,银行卡,,,水,  2025-06-12 16:00:00  ,,
支出,宝宝穿搭,,79.00,CNY,银行卡,,,优衣库宝宝59码包屁衣,  2025-06-12 16:00:00  ,,
支出,堂食外卖,,21.69,CNY,银行卡,,,早饭,  2025-06-11 16:00:00  ,,
支出,堂食外卖,,16.80,CNY,银行卡,,,,  2025-06-11 16:00:00  ,,
支出,堂食外卖,,7.90,CNY,银行卡,,,,  2025-06-11 16:00:00  ,,
支出,出行打车,,6.20,CNY,银行卡,,,打车,  2025-06-11 16:00:00  ,,
支出,母婴用品,,65.31,CNY,银行卡,,,babycare酵素洗衣液,  2025-06-11 16:00:00  ,,
支出,堂食外卖,,27.60,CNY,银行卡,,,早饭,  2025-06-10 16:00:00  ,,
支出,堂食外卖,,26.68,CNY,银行卡,,,外卖,  2025-06-10 16:00:00  ,,
支出,堂食外卖,,9.70,CNY,银行卡,,,外卖,  2025-06-10 16:00:00  ,,
支出,堂食外卖,,13.90,CNY,银行卡,,,塔斯丁,  2025-06-10 16:00:00  ,,
支出,出行打车,,6.85,CNY,银行卡,,,打车,  2025-06-10 16:00:00  ,,
支出,母婴用品,,22.17,CNY,银行卡,,,十月结晶拍嗝巾2条,  2025-06-10 16:00:00  ,,
支出,宝宝穿搭,,25.90,CNY,银行卡,,,bubble tree口水巾3条,  2025-06-10 16:00:00  ,,
支出,日用百货,,4.36,CNY,银行卡,,,,  2025-06-10 16:00:00  ,,
支出,堂食外卖,,13.60,CNY,银行卡,,,,  2025-06-10 16:00:00  ,,
支出,堂食外卖,,31.50,CNY,银行卡,,,老乡鸡,  2025-06-09 16:00:00  ,,
支出,堂食外卖,,44.98,CNY,银行卡,,,煲仔饭,  2025-06-09 16:00:00  ,,
支出,日用百货,,10.46,CNY,银行卡,,,收纳袋,  2025-06-09 16:00:00  ,,
支出,停车费用,,20.00,CNY,银行卡,,,停车,  2025-06-09 16:00:00  ,,
支出,出行打车,,3.60,CNY,银行卡,,,打车,  2025-06-09 16:00:00  ,,
支出,零食饮品,,2.00,CNY,银行卡,,,矿泉水,  2025-06-09 16:00:00  ,,
支出,零食饮品,,3.00,CNY,银行卡,,,可乐,  2025-06-09 16:00:00  ,,
支出,宝宝穿搭,,119.80,CNY,银行卡,,,嫚熙六层纱布浴巾2件,  2025-06-09 16:00:00  ,,
支出,宝宝穿搭,,56.90,CNY,银行卡,,,童泰包单2件,  2025-06-09 16:00:00  ,,
支出,宝宝穿搭,,62.91,CNY,银行卡,,,童泰52码蝴蝶2件,  2025-06-09 16:00:00  ,,
支出,宝宝穿搭,,29.82,CNY,银行卡,,,童泰胎帽2件,  2025-06-09 16:00:00  ,,
支出,宝宝穿搭,,40.30,CNY,银行卡,,,童泰52码半背衣2件,  2025-06-09 16:00:00  ,,
支出,母婴用品,,126.20,CNY,银行卡,,,十月结晶包被2件,  2025-06-09 16:00:00  ,,
支出,宝宝穿搭,,219.64,CNY,银行卡,,,月子服三套,  2025-06-08 16:00:00  ,,
支出,堂食外卖,,20.33,CNY,银行卡,,,馋嘴侠,  2025-06-08 16:00:00  ,,
支出,母婴用品,,38.61,CNY,银行卡,,,十月结晶一次性隔尿垫,  2025-06-08 16:00:00  ,,
支出,堂食外卖,,12.60,CNY,银行卡,,,,  2025-06-08 16:00:00  ,,
支出,食材调料,,4.50,CNY,银行卡,,,买菜,  2025-06-07 16:00:00  ,,
支出,宝宝穿搭,,89.90,CNY,银行卡,,,糖豆裙子,  2025-06-07 16:00:00  ,,
支出,零食饮品,,39.19,CNY,银行卡,,,欧亚纯牛奶,  2025-06-07 16:00:00  ,,
支出,堂食外卖,,13.80,CNY,银行卡,,,外卖,  2025-06-06 16:00:00  ,,
支出,其他杂项,,100.00,CNY,银行卡,,,,  2025-06-06 16:00:00  ,,
支出,公交地铁,,10.00,CNY,银行卡,,,公交卡,  2025-06-06 16:00:00  ,,
支出,零食饮品,,1.80,CNY,银行卡,,,雪碧,  2025-06-06 16:00:00  ,,
支出,问诊就医,,20.00,CNY,银行卡,,,挂号费,  2025-06-06 16:00:00  ,,
支出,食材调料,,21.90,CNY,银行卡,,,玉米,  2025-06-05 16:00:00  ,,
支出,堂食外卖,,15.40,CNY,银行卡,,,临榆炸鸡,  2025-06-05 16:00:00  ,,
支出,宝宝穿搭,,9.48,CNY,银行卡,,,月子帽,  2025-06-05 16:00:00  ,,
支出,堂食外卖,,21.60,CNY,银行卡,,,馋嘴侠,  2025-06-05 16:00:00  ,,
支出,母婴用品,,50.74,CNY,银行卡,,,babycare湿巾,  2025-06-05 16:00:00  ,,
支出,堂食外卖,,12.60,CNY,银行卡,,,外卖,  2025-06-04 16:00:00  ,,
支出,其他杂项,,2.33,CNY,银行卡,,,运费,  2025-06-04 16:00:00  ,,
支出,堂食外卖,,35.50,CNY,银行卡,,,肯德基,  2025-06-03 16:00:00  ,,
支出,公交地铁,,10.00,CNY,银行卡,,,公交卡,  2025-06-03 16:00:00  ,,
支出,零食饮品,,18.54,CNY,银行卡,,,麻酱毛肚,  2025-06-03 16:00:00  ,,
支出,会员服务,,582.41,CNY,银行卡,,,PS5一年会员,  2025-06-03 16:00:00  ,,
支出,食材调料,,30.00,CNY,银行卡,,,西瓜,  2025-06-03 16:00:00  ,,
支出,零食饮品,,2.99,CNY,银行卡,,,可乐,  2025-06-02 16:00:00  ,,
支出,堂食外卖,,40.50,CNY,银行卡,,,刀板香,  2025-06-01 16:00:00  ,,
支出,问诊就医,,20.00,CNY,银行卡,,,挂号费,  2025-06-01 16:00:00  ,,
支出,房屋贷款,,2018.33,CNY,银行卡,,,房贷,  2025-06-01 16:00:00  ,,
支出,堂食外卖,,32.40,CNY,银行卡,,,胡小厨,  2025-05-31 16:00:00  ,,
支出,日用百货,,63.95,CNY,银行卡,,,六一礼物,  2025-05-31 16:00:00  ,,
支出,宝宝穿搭,,9.90,CNY,银行卡,,,月子袜,  2025-05-30 16:00:00  ,,
支出,宝宝穿搭,,102.36,CNY,银行卡,,,十月结晶哺乳内衣两件,  2025-05-30 16:00:00  ,,
支出,日用百货,,20.00,CNY,银行卡,,,月子鞋,  2025-05-30 16:00:00  ,,
支出,日用百货,,430.00,CNY,银行卡,,,洞6,  2025-05-30 16:00:00  ,,
支出,清洁用品,,2.55,CNY,银行卡,,,抹布,  2025-05-30 16:00:00  ,,
支出,母婴用品,,40.36,CNY,银行卡,,,十月结晶护理垫,  2025-05-30 16:00:00  ,,
支出,母婴用品,,17.58,CNY,银行卡,,,十月结晶防溢乳垫,  2025-05-30 16:00:00  ,,
支出,个护美妆,,13.91,CNY,银行卡,,,十月结晶计量型卫生巾,  2025-05-30 16:00:00  ,,
支出,母婴用品,,21.90,CNY,银行卡,,,十月结晶冷敷贴,  2025-05-30 16:00:00  ,,
支出,零食饮品,,3.00,CNY,银行卡,,,可乐,  2025-05-30 16:00:00  ,,
支出,母婴用品,,10.90,CNY,银行卡,,,指甲剪套装,  2025-05-30 16:00:00  ,,
支出,母婴用品,,3.15,CNY,银行卡,,,出生证明保护套,  2025-05-30 16:00:00  ,,
支出,宝宝穿搭,,689.09,CNY,银行卡,,,好孩子婴儿车,  2025-05-30 16:00:00  ,,
支出,母婴用品,,25.23,CNY,银行卡,,,世喜储奶袋,  2025-05-30 16:00:00  ,,
支出,母婴用品,,30.82,CNY,银行卡,,,十月结晶枕巾两件,  2025-05-30 16:00:00  ,,
支出,母婴用品,,487.65,CNY,银行卡,,,波咯咯消毒柜,  2025-05-30 16:00:00  ,,
支出,母婴用品,,104.56,CNY,银行卡,,,小熊恒温水壶,  2025-05-30 16:00:00  ,,
支出,母婴用品,,203.95,CNY,银行卡,,,K CASTLE,  2025-05-30 16:00:00  ,,
支出,药品保健,,9.60,CNY,银行卡,,,创口贴,  2025-05-30 16:00:00  ,,
支出,堂食外卖,,1.81,CNY,银行卡,,,饭团,  2025-05-29 16:00:00  ,,
支出,堂食外卖,,47.10,CNY,银行卡,,,宵夜,  2025-05-29 16:00:00  ,,
支出,堂食外卖,,33.36,CNY,银行卡,,,来优品,  2025-05-29 16:00:00  ,,
支出,堂食外卖,,7.64,CNY,银行卡,,,外卖,  2025-05-28 16:00:00  ,,
支出,堂食外卖,,2.50,CNY,银行卡,,,烧饼,  2025-05-28 16:00:00  ,,
支出,母婴用品,,8.30,CNY,银行卡,,,碘伏棉签,  2025-05-28 16:00:00  ,,
支出,堂食外卖,,9.80,CNY,银行卡,,,外卖,  2025-05-27 16:00:00  ,,
支出,堂食外卖,,43.50,CNY,银行卡,,,五芳斋粽子,  2025-05-27 16:00:00  ,,
支出,日用百货,,11.78,CNY,银行卡,,,大哥网鞋,  2025-05-27 16:00:00  ,,
支出,公交地铁,,10.00,CNY,银行卡,,,公交卡,  2025-05-27 16:00:00  ,,
支出,汽车贷款,,1916.67,CNY,银行卡,,,车贷,  2025-05-27 16:00:00  ,,
支出,食材调料,,30.80,CNY,银行卡,,,苹果,  2025-05-27 16:00:00  ,,
支出,零食饮品,,21.69,CNY,银行卡,,,特仑苏纯牛奶,  2025-05-26 16:00:00  ,,
支出,零食饮品,,37.79,CNY,银行卡,,,特仑苏纯牛奶,  2025-05-26 16:00:00  ,,
支出,宝宝穿搭,,13.80,CNY,银行卡,,,宝宝衣架,  2025-05-26 16:00:00  ,,
支出,食材调料,,12.60,CNY,银行卡,,,西瓜,  2025-05-26 16:00:00  ,,
支出,食材调料,,26.18,CNY,银行卡,,,苹果,  2025-05-26 16:00:00  ,,
支出,堂食外卖,,33.70,CNY,银行卡,,,刀板香,  2025-05-25 16:00:00  ,,
支出,食材调料,,12.65,CNY,银行卡,,,买菜,  2025-05-24 16:00:00  ,,
支出,食材调料,,18.40,CNY,银行卡,,,西瓜,  2025-05-24 16:00:00  ,,
支出,药品保健,,46.45,CNY,银行卡,,,钙片,  2025-05-24 16:00:00  ,,
支出,堂食外卖,,13.90,CNY,银行卡,,,外卖,  2025-05-23 16:00:00  ,,
支出,日用百货,,19.19,CNY,银行卡,,,苏菲安睡裤,  2025-05-23 16:00:00  ,,
支出,堂食外卖,,67.21,CNY,银行卡,,,联家超市,  2025-05-23 16:00:00  ,,
支出,堂食外卖,,10.87,CNY,银行卡,,,外卖,  2025-05-22 16:00:00  ,,
支出,零食饮品,,41.29,CNY,银行卡,,,欧亚纯牛奶,  2025-05-22 16:00:00  ,,
支出,堂食外卖,,12.80,CNY,银行卡,,,外卖,  2025-05-21 16:00:00  ,,
支出,堂食外卖,,11.10,CNY,银行卡,,,华莱士,  2025-05-21 16:00:00  ,,
支出,服装鞋帽,,39.00,CNY,银行卡,,,大哥T恤,  2025-05-21 16:00:00  ,,
支出,服装鞋帽,,59.00,CNY,银行卡,,,大哥短裤,  2025-05-21 16:00:00  ,,
支出,服装鞋帽,,49.00,CNY,银行卡,,,大哥T恤,  2025-05-21 16:00:00  ,,
支出,公交地铁,,10.00,CNY,银行卡,,,公交卡,  2025-05-21 16:00:00  ,,
支出,食材调料,,8.00,CNY,银行卡,,,鸡蛋饼,  2025-05-21 16:00:00  ,,
支出,堂食外卖,,9.42,CNY,银行卡,,,外卖,  2025-05-20 16:00:00  ,,
支出,日用百货,,9.90,CNY,银行卡,,,小凳子,  2025-05-20 16:00:00  ,,
支出,堂食外卖,,54.26,CNY,银行卡,,,馋嘴侠,  2025-05-20 16:00:00  ,,
支出,水电燃气,,150.00,CNY,银行卡,,,燃气费,  2025-05-20 16:00:00  ,,
支出,药品保健,,75.80,CNY,银行卡,,,红源达铁剂胶囊,  2025-05-20 16:00:00  ,,
支出,堂食外卖,,9.80,CNY,银行卡,,,外卖,  2025-05-19 16:00:00  ,,
支出,游戏娱乐,,94.93,CNY,银行卡,,,游戏,  2025-05-19 16:00:00  ,,
支出,水电燃气,,100.00,CNY,银行卡,,,充电桩电费,  2025-05-19 16:00:00  ,,
支出,堂食外卖,,22.58,CNY,银行卡,,,胡小厨,  2025-05-18 16:00:00  ,,
支出,零食饮品,,3.00,CNY,银行卡,,,可乐,  2025-05-18 16:00:00  ,,
支出,食材调料,,27.06,CNY,银行卡,,,纸皮核桃,  2025-05-18 16:00:00  ,,
支出,母婴用品,,253.72,CNY,银行卡,,,丝塔芙大白罐,  2025-05-18 16:00:00  ,,
支出,母婴用品,,46.56,CNY,银行卡,,,世喜硅胶勺,  2025-05-18 16:00:00  ,,
支出,堂食外卖,,46.13,CNY,银行卡,,,和善园包子,  2025-05-17 16:00:00  ,,
支出,堂食外卖,,111.44,CNY,银行卡,,,金佬馆川菜,  2025-05-17 16:00:00  ,,
支出,堂食外卖,,60.90,CNY,银行卡,,,必胜客,  2025-05-17 16:00:00  ,,
支出,奶茶甜品,,9.90,CNY,银行卡,,,库迪咖啡,  2025-05-17 16:00:00  ,,
支出,母婴用品,,19.90,CNY,银行卡,,,babycareNB码纸尿裤,  2025-05-17 16:00:00  ,,
支出,母婴用品,,99.00,CNY,银行卡,,,孩子王待产包,  2025-05-17 16:00:00  ,,
支出,停车费用,,5.00,CNY,银行卡,,,停车费,  2025-05-17 16:00:00  ,,
支出,堂食外卖,,14.00,CNY,银行卡,,,砀山梨,  2025-05-17 16:00:00  ,,
支出,堂食外卖,,8.00,CNY,银行卡,,,煎饺沙汤,  2025-05-16 16:00:00  ,,
支出,食材调料,,4.00,CNY,银行卡,,,豆腐脑春卷,  2025-05-16 16:00:00  ,,
支出,奶茶甜品,,59.30,CNY,银行卡,,,三麟椰子水,  2025-05-16 16:00:00  ,,
支出,食材调料,,30.80,CNY,银行卡,,,苹果,  2025-05-16 16:00:00  ,,
支出,堂食外卖,,9.80,CNY,银行卡,,,外卖,  2025-05-15 16:00:00  ,,
支出,母婴用品,,114.80,CNY,银行卡,,,婧麒可水洗隔尿垫,  2025-05-15 16:00:00  ,,
支出,违章罚款,,200.00,CNY,银行卡,,,违停车扣钱,  2025-05-15 16:00:00  ,,
支出,食材调料,,4.98,CNY,银行卡,,,里脊肉饼,  2025-05-14 16:00:00  ,,
支出,奶茶甜品,,31.50,CNY,银行卡,,,冰棒,  2025-05-14 16:00:00  ,,
支出,母婴用品,,144.91,CNY,银行卡,,,安唯依抚触油,  2025-05-14 16:00:00  ,,
支出,母婴用品,,81.73,CNY,银行卡,,,拜耳贝乐欣护臀膏,  2025-05-14 16:00:00  ,,
支出,母婴用品,,241.84,CNY,银行卡,,,全棉时代棉柔巾,  2025-05-14 16:00:00  ,,
支出,母婴用品,,149.95,CNY,银行卡,,,世喜奶瓶奶嘴,  2025-05-14 16:00:00  ,,
支出,母婴用品,,166.89,CNY,银行卡,,,一页面霜,  2025-05-14 16:00:00  ,,
支出,母婴用品,,150.50,CNY,银行卡,,,可心柔云柔巾,  2025-05-14 16:00:00  ,,
支出,母婴用品,,139.90,CNY,银行卡,,,IUU洗澡盆,  2025-05-14 16:00:00  ,,
支出,母婴用品,,36.00,CNY,银行卡,,,贝亲奶嘴SS号,  2025-05-14 16:00:00  ,,
支出,母婴用品,,33.47,CNY,银行卡,,,贝亲桃子水,  2025-05-14 16:00:00  ,,
支出,母婴用品,,48.70,CNY,银行卡,,,贝亲洗发二合一,  2025-05-14 16:00:00  ,,
支出,摄影写真,,32.33,CNY,银行卡,,,洗照片,  2025-05-14 16:00:00  ,,
支出,堂食外卖,,11.00,CNY,银行卡,,,湘鼎盛,  2025-05-13 16:00:00  ,,
支出,堂食外卖,,10.49,CNY,银行卡,,,卷饼,  2025-05-13 16:00:00  ,,
支出,食材调料,,21.90,CNY,银行卡,,,玉米,  2025-05-13 16:00:00  ,,
支出,堂食外卖,,10.80,CNY,银行卡,,,外卖,  2025-05-12 16:00:00  ,,
支出,个护美妆,,51.11,CNY,银行卡,,,隐形眼镜,  2025-05-12 16:00:00  ,,
支出,公交地铁,,10.00,CNY,银行卡,,,公交卡,  2025-05-12 16:00:00  ,,
支出,游戏娱乐,,133.00,CNY,银行卡,,,加速器,  2025-05-12 16:00:00  ,,
支出,堂食外卖,,11.00,CNY,银行卡,,,阿贵锅贴,  2025-05-11 16:00:00  ,,
支出,厨房用品,,3.15,CNY,银行卡,,,不锈钢蒸架,  2025-05-11 16:00:00  ,,
支出,食材调料,,28.40,CNY,银行卡,,,圣女果,  2025-05-11 16:00:00  ,,
支出,堂食外卖,,2.50,CNY,银行卡,,,烧饼,  2025-05-10 16:00:00  ,,
支出,食材调料,,24.45,CNY,银行卡,,,买菜水果,  2025-05-10 16:00:00  ,,
支出,日用百货,,20.00,CNY,银行卡,,,水龙头,  2025-05-10 16:00:00  ,,
支出,零食饮品,,5.00,CNY,银行卡,,,饮料,  2025-05-10 16:00:00  ,,
支出,堂食外卖,,12.80,CNY,银行卡,,,外卖,  2025-05-09 16:00:00  ,,
支出,食材调料,,79.84,CNY,银行卡,,,火锅食材,  2025-05-09 16:00:00  ,,
支出,堂食外卖,,8.50,CNY,银行卡,,,春回拉面,  2025-05-08 16:00:00  ,,
支出,堂食外卖,,11.80,CNY,银行卡,,,小高米线,  2025-05-07 16:00:00  ,,
支出,堂食外卖,,5.00,CNY,银行卡,,,早饭,  2025-05-07 16:00:00  ,,
支出,堂食外卖,,7.80,CNY,银行卡,,,炸酱面,  2025-05-07 16:00:00  ,,
支出,堂食外卖,,2.50,CNY,银行卡,,,烧饼,  2025-05-07 16:00:00  ,,
支出,孝敬长辈,,162.55,CNY,银行卡,,,钙尔奇钙片,  2025-05-07 16:00:00  ,,
支出,车品配件,,18.60,CNY,银行卡,,,汽车闪光器,  2025-05-07 16:00:00  ,,
支出,堂食外卖,,13.20,CNY,银行卡,,,外卖,  2025-05-06 16:00:00  ,,
支出,服装鞋帽,,29.90,CNY,银行卡,,,T恤,  2025-05-06 16:00:00  ,,
支出,公交地铁,,10.00,CNY,银行卡,,,公交卡,  2025-05-06 16:00:00  ,,
支出,堂食外卖,,32.61,CNY,银行卡,,,馋嘴侠,  2025-05-06 16:00:00  ,,
支出,日用百货,,16.80,CNY,银行卡,,,洁丽雅毛巾,  2025-05-06 16:00:00  ,,
支出,问诊就医,,20.00,CNY,银行卡,,,挂号费,  2025-05-06 16:00:00  ,,
支出,堂食外卖,,22.90,CNY,银行卡,,,外卖,  2025-05-05 16:00:00  ,,
支出,孝敬长辈,,225.65,CNY,银行卡,,,婆婆珀莱雅水乳套装,  2025-05-05 16:00:00  ,,
支出,食材调料,,10.90,CNY,银行卡,,,黄冰糖,  2025-05-05 16:00:00  ,,
支出,水电燃气,,100.00,CNY,银行卡,,,水费,  2025-05-05 16:00:00  ,,
支出,零食饮品,,4.00,CNY,银行卡,,,青梅绿茶,  2025-05-04 16:00:00  ,,
支出,堂食外卖,,6.99,CNY,银行卡,,,榨菜,  2025-05-03 16:00:00  ,,
支出,堂食外卖,,74.84,CNY,银行卡,,,盒马,  2025-05-03 16:00:00  ,,
支出,食材调料,,79.10,CNY,银行卡,,,超市买菜水果,  2025-05-02 16:00:00  ,,
支出,奶茶甜品,,59.30,CNY,银行卡,,,三麟椰子水,  2025-05-02 16:00:00  ,,
支出,堂食外卖,,35.60,CNY,银行卡,,,面,  2025-05-01 16:00:00  ,,
支出,堂食外卖,,26.80,CNY,银行卡,,,老乡鸡,  2025-05-01 16:00:00  ,,
支出,堂食外卖,,376.00,CNY,银行卡,,,青年星厨,  2025-05-01 16:00:00  ,,
支出,出行打车,,7.13,CNY,银行卡,,,打车,  2025-05-01 16:00:00  ,,
支出,奶茶甜品,,12.98,CNY,银行卡,,,库迪咖啡,  2025-05-01 16:00:00  ,,
支出,房屋贷款,,2018.33,CNY,银行卡,,,房贷,  2025-05-01 16:00:00  ,,
支出,堂食外卖,,16.80,CNY,银行卡,,,牛杂面,  2025-04-30 16:00:00  ,,
支出,零食饮品,,30.50,CNY,银行卡,,,泸溪河面包丁,  2025-04-30 16:00:00  ,,
支出,零食饮品,,22.39,CNY,银行卡,,,泸溪河桃酥,  2025-04-30 16:00:00  ,,
支出,零食饮品,,39.23,CNY,银行卡,,,欧亚纯牛奶,  2025-04-30 16:00:00  ,,
支出,零食饮品,,48.89,CNY,银行卡,,,养乐多,  2025-04-30 16:00:00  ,,
支出,堂食外卖,,7.80,CNY,银行卡,,,外卖,  2025-04-29 16:00:00  ,,
支出,堂食外卖,,13.49,CNY,银行卡,,,来优品,  2025-04-29 16:00:00  ,,
支出,堂食外卖,,19.86,CNY,银行卡,,,麻辣香锅,  2025-04-28 16:00:00  ,,
支出,堂食外卖,,4.80,CNY,银行卡,,,外卖,  2025-04-27 16:00:00  ,,
支出,堂食外卖,,25.80,CNY,银行卡,,,和善园包子,  2025-04-27 16:00:00  ,,
支出,汽车贷款,,1916.67,CNY,银行卡,,,车贷,  2025-04-27 16:00:00  ,,
支出,食材调料,,29.90,CNY,银行卡,,,苹果,  2025-04-27 16:00:00  ,,
支出,食材调料,,28.40,CNY,银行卡,,,圣女果,  2025-04-27 16:00:00  ,,
支出,堂食外卖,,15.23,CNY,银行卡,,,,  2025-04-26 16:00:02  ,,
支出,零食饮品,,15.23,CNY,银行卡,,,詹记,  2025-04-26 16:00:01  ,,
支出,堂食外卖,,13.50,CNY,银行卡,,,早饭,  2025-04-26 16:00:00  ,,
支出,堂食外卖,,33.50,CNY,银行卡,,,胡小厨,  2025-04-26 16:00:00  ,,
支出,停车费用,,10.00,CNY,银行卡,,,停车费,  2025-04-26 16:00:00  ,,
支出,堂食外卖,,10.79,CNY,银行卡,,,外卖,  2025-04-25 16:00:00  ,,
支出,公交地铁,,10.00,CNY,银行卡,,,公交卡,  2025-04-25 16:00:00  ,,
支出,车品配件,,27.90,CNY,银行卡,,,破窗锤,  2025-04-25 16:00:00  ,,
支出,堂食外卖,,14.79,CNY,银行卡,,,袁记云饺,  2025-04-24 16:00:00  ,,
支出,堂食外卖,,62.42,CNY,银行卡,,,馋嘴侠,  2025-04-24 16:00:00  ,,
支出,药品保健,,77.40,CNY,银行卡,,,红源达铁剂胶囊,  2025-04-24 16:00:00  ,,
支出,堂食外卖,,31.00,CNY,银行卡,,,魏家凉皮,  2025-04-23 16:00:00  ,,
支出,服装鞋帽,,3.89,CNY,银行卡,,,船袜,  2025-04-22 16:00:00  ,,
支出,日用百货,,88.99,CNY,银行卡,,,鞋子,  2025-04-22 16:00:00  ,,
支出,堂食外卖,,76.31,CNY,银行卡,,,联家超市,  2025-04-22 16:00:00  ,,
支出,堂食外卖,,12.00,CNY,银行卡,,,外卖,  2025-04-21 16:00:00  ,,
支出,堂食外卖,,10.00,CNY,银行卡,,,煎包,  2025-04-20 16:00:00  ,,
支出,食材调料,,6.00,CNY,银行卡,,,鸡蛋灌饼,  2025-04-20 16:00:00  ,,
支出,食材调料,,4.85,CNY,银行卡,,,酱香鸡蛋饼,  2025-04-20 16:00:00  ,,
支出,车品配件,,12.97,CNY,银行卡,,,玻璃水,  2025-04-20 16:00:00  ,,
支出,堂食外卖,,9.20,CNY,银行卡,,,大佬王,  2025-04-19 16:00:00  ,,
支出,堂食外卖,,8.90,CNY,银行卡,,,华莱士,  2025-04-19 16:00:00  ,,
支出,车品配件,,41.54,CNY,银行卡,,,哈弗防尘罩,  2025-04-19 16:00:00  ,,
支出,奶茶甜品,,6.90,CNY,银行卡,,,库迪咖啡,  2025-04-19 16:00:00  ,,
支出,奶茶甜品,,31.50,CNY,银行卡,,,冰棒,  2025-04-19 16:00:00  ,,
支出,药品保健,,50.25,CNY,银行卡,,,钙片,  2025-04-19 16:00:00  ,,
支出,问诊就医,,10.00,CNY,银行卡,,,挂号费,  2025-04-19 16:00:00  ,,
支出,堂食外卖,,10.70,CNY,银行卡,,,德克士,  2025-04-18 16:00:00  ,,
支出,其他杂项,,100.00,CNY,银行卡,,,,  2025-04-18 16:00:00  ,,
支出,公交地铁,,10.00,CNY,银行卡,,,公交卡,  2025-04-18 16:00:00  ,,
支出,堂食外卖,,26.24,CNY,银行卡,,,和善园包子,  2025-04-17 16:00:00  ,,
支出,堂食外卖,,20.29,CNY,银行卡,,,外卖,  2025-04-17 16:00:00  ,,
支出,日用百货,,219.27,CNY,银行卡,,,立时压力锅,  2025-04-17 16:00:00  ,,
支出,堂食外卖,,3.00,CNY,银行卡,,,花卷,  2025-04-16 16:00:00  ,,
支出,堂食外卖,,12.09,CNY,银行卡,,,秦西里凉皮,  2025-04-16 16:00:00  ,,
支出,母婴用品,,482.00,CNY,银行卡,,,孕妇照,  2025-04-16 16:00:00  ,,
支出,奶茶甜品,,6.20,CNY,银行卡,,,库迪咖啡,  2025-04-16 16:00:00  ,,
支出,食材调料,,17.30,CNY,银行卡,,,小黄瓜,  2025-04-16 16:00:00  ,,
支出,堂食外卖,,16.10,CNY,银行卡,,,外卖,  2025-04-15 16:00:00  ,,
支出,堂食外卖,,16.75,CNY,银行卡,,,来优品,  2025-04-15 16:00:00  ,,
支出,堂食外卖,,23.10,CNY,银行卡,,,,  2025-04-14 16:00:00  ,,
支出,服装鞋帽,,39.90,CNY,银行卡,,,睡裙,  2025-04-14 16:00:00  ,,
支出,个护美妆,,12.00,CNY,银行卡,,,烟,  2025-04-14 16:00:00  ,,
支出,日用百货,,6.45,CNY,银行卡,,,舒肤佳红石榴香皂,  2025-04-14 16:00:00  ,,
支出,堂食外卖,,54.90,CNY,银行卡,,,麦当劳,  2025-04-13 16:00:00  ,,
支出,堂食外卖,,45.00,CNY,银行卡,,,麦当劳,  2025-04-13 16:00:00  ,,
支出,奶茶甜品,,57.00,CNY,银行卡,,,奈雪的茶,  2025-04-13 16:00:00  ,,
支出,宝宝穿搭,,89.90,CNY,银行卡,,,糖豆裙子,  2025-04-11 16:00:00  ,,
支出,日用百货,,2.40,CNY,银行卡,,,螺丝,  2025-04-11 16:00:00  ,,
支出,堂食外卖,,37.10,CNY,银行卡,,,宵夜,  2025-04-10 16:00:00  ,,
支出,奶茶甜品,,7.07,CNY,银行卡,,,冰棒、汽水,  2025-04-10 16:00:00  ,,
支出,堂食外卖,,106.00,CNY,银行卡,,,庐州太太,  2025-04-09 16:00:00  ,,
支出,出行打车,,6.52,CNY,银行卡,,,打车,  2025-04-09 16:00:00  ,,
支出,零食饮品,,10.00,CNY,银行卡,,,饮料,  2025-04-09 16:00:00  ,,
支出,水电燃气,,100.00,CNY,银行卡,,,充电桩,  2025-04-09 16:00:00  ,,
支出,服装鞋帽,,59.90,CNY,银行卡,,,孕妇裙,  2025-04-08 16:00:00  ,,
支出,公交地铁,,10.00,CNY,银行卡,,,公交卡,  2025-04-08 16:00:00  ,,
支出,零食饮品,,40.87,CNY,银行卡,,,欧亚纯牛奶,  2025-04-08 16:00:00  ,,
支出,零食饮品,,2.05,CNY,银行卡,,,可乐,  2025-04-08 16:00:00  ,,
支出,日用百货,,5.79,CNY,银行卡,,,鞋拔子,  2025-04-08 16:00:00  ,,
支出,堂食外卖,,29.80,CNY,银行卡,,,和善园包子,  2025-04-07 16:00:00  ,,
支出,服装鞋帽,,77.88,CNY,银行卡,,,孕妇裙,  2025-04-07 16:00:00  ,,
支出,食材调料,,20.90,CNY,银行卡,,,伟伟冰酒酿,  2025-04-06 16:00:00  ,,
支出,堂食外卖,,26.91,CNY,银行卡,,,喜姐,  2025-04-06 16:00:00  ,,
支出,堂食外卖,,7.52,CNY,银行卡,,,来优品,  2025-04-06 16:00:00  ,,
支出,食材调料,,28.40,CNY,银行卡,,,苹果,  2025-04-06 16:00:00  ,,
支出,堂食外卖,,33.50,CNY,银行卡,,,,  2025-04-05 16:00:00  ,,
支出,食材调料,,13.90,CNY,银行卡,,,板栗,  2025-04-05 16:00:00  ,,
支出,奶茶甜品,,8.43,CNY,银行卡,,,冰棒,  2025-04-05 16:00:00  ,,
支出,日用百货,,16.80,CNY,银行卡,,,脏衣篓,  2025-04-05 16:00:00  ,,
支出,清洁用品,,6.75,CNY,银行卡,,,拖把头,  2025-04-05 16:00:00  ,,
支出,个护美妆,,12.00,CNY,银行卡,,,烟,  2025-04-05 16:00:00  ,,
支出,食材调料,,24.55,CNY,银行卡,,,香瓜,  2025-04-05 16:00:00  ,,
支出,食材调料,,17.30,CNY,银行卡,,,黄瓜,  2025-04-05 16:00:00  ,,
支出,食材调料,,11.80,CNY,银行卡,,,丑橘,  2025-04-04 16:00:00  ,,
支出,堂食外卖,,29.70,CNY,银行卡,,,南京大排档,  2025-04-03 16:00:00  ,,
支出,堂食外卖,,3.50,CNY,银行卡,,,烧饼,  2025-04-03 16:00:00  ,,
支出,日用百货,,17.28,CNY,银行卡,,,威露士洗手液,  2025-04-03 16:00:00  ,,
支出,日用百货,,50.92,CNY,银行卡,,,富光吸管杯,  2025-04-03 16:00:00  ,,
支出,奶茶甜品,,8.00,CNY,银行卡,,,蜜雪冰城,  2025-04-03 16:00:00  ,,
支出,食材调料,,11.21,CNY,银行卡,,,花生,  2025-04-02 16:00:00  ,,
支出,日用百货,,56.27,CNY,银行卡,,,不锈钢架子,  2025-04-01 16:00:00  ,,
支出,公交地铁,,10.00,CNY,银行卡,,,公交卡,  2025-04-01 16:00:00  ,,
支出,堂食外卖,,17.61,CNY,银行卡,,,来优品,  2025-04-01 16:00:00  ,,
支出,房屋贷款,,2018.33,CNY,银行卡,,,房贷,  2025-04-01 16:00:00  ,,
支出,食材调料,,19.90,CNY,银行卡,,,玉米,  2025-03-31 16:00:00  ,,
支出,堂食外卖,,25.80,CNY,银行卡,,,和善园包子,  2025-03-31 16:00:00  ,,
支出,堂食外卖,,12.29,CNY,银行卡,,,饼,  2025-03-31 16:00:00  ,,
支出,个护美妆,,29.10,CNY,银行卡,,,云南白药牙膏,  2025-03-31 16:00:00  ,,
支出,堂食外卖,,17.90,CNY,银行卡,,,临榆炸鸡,  2025-03-30 16:00:00  ,,
支出,食材调料,,16.70,CNY,银行卡,,,里脊肉饼,  2025-03-30 16:00:00  ,,
支出,洗车保养,,19.90,CNY,银行卡,,,途虎洗车券,  2025-03-30 16:00:00  ,,
支出,堂食外卖,,8.00,CNY,银行卡,,,凉皮米线,  2025-03-29 16:00:00  ,,
支出,堂食外卖,,5.00,CNY,银行卡,,,早饭,  2025-03-28 16:00:00  ,,
支出,食材调料,,86.73,CNY,银行卡,,,买菜,  2025-03-28 16:00:00  ,,
支出,日用百货,,79.52,CNY,银行卡,,,炊大皇炒锅,  2025-03-28 16:00:00  ,,
支出,食材调料,,3.60,CNY,银行卡,,,青菜,  2025-03-27 16:00:00  ,,
支出,食材调料,,5.40,CNY,银行卡,,,鸡胸肉,  2025-03-27 16:00:00  ,,
支出,堂食外卖,,12.89,CNY,银行卡,,,威猛先生油污净,  2025-03-27 16:00:00  ,,
支出,公交地铁,,10.00,CNY,银行卡,,,公交卡,  2025-03-27 16:00:00  ,,
支出,汽车贷款,,1916.67,CNY,银行卡,,,车贷,  2025-03-27 16:00:00  ,,
支出,堂食外卖,,13.80,CNY,银行卡,,,外卖,  2025-03-26 16:00:00  ,,
支出,服装鞋帽,,109.00,CNY,银行卡,,,孕妇套装,  2025-03-26 16:00:00  ,,
支出,服装鞋帽,,6.70,CNY,银行卡,,,安全裤,  2025-03-26 16:00:00  ,,
支出,水电燃气,,84.96,CNY,银行卡,,,燃气费,  2025-03-26 16:00:00  ,,
支出,食材调料,,4.35,CNY,银行卡,,,大蒜,  2025-03-25 16:00:00  ,,
支出,堂食外卖,,13.20,CNY,银行卡,,,外卖,  2025-03-25 16:00:00  ,,
支出,堂食外卖,,8.00,CNY,银行卡,,,凉皮米线,  2025-03-25 16:00:00  ,,
支出,零食饮品,,7.59,CNY,银行卡,,,啤酒,  2025-03-25 16:00:00  ,,
支出,堂食外卖,,34.84,CNY,银行卡,,,永辉,  2025-03-24 16:00:00  ,,
支出,食材调料,,7.00,CNY,银行卡,,,蒜蓉酱,  2025-03-24 16:00:00  ,,
支出,奶茶甜品,,8.00,CNY,银行卡,,,库迪咖啡,  2025-03-24 16:00:00  ,,
支出,食材调料,,2.00,CNY,银行卡,,,青菜,  2025-03-23 16:00:00  ,,
支出,服装鞋帽,,50.92,CNY,银行卡,,,男士内裤,  2025-03-23 16:00:00  ,,
支出,零食饮品,,18.40,CNY,银行卡,,,巴莉甜甜,  2025-03-23 16:00:00  ,,
支出,堂食外卖,,30.60,CNY,银行卡,,,,  2025-03-23 16:00:00  ,,
支出,堂食外卖,,5.00,CNY,银行卡,,,煎饺,  2025-03-22 16:00:00  ,,
支出,堂食外卖,,7.00,CNY,银行卡,,,早饭,  2025-03-22 16:00:00  ,,
支出,堂食外卖,,149.01,CNY,银行卡,,,必胜客,  2025-03-22 16:00:00  ,,
支出,堂食外卖,,12.30,CNY,银行卡,,,外卖,  2025-03-21 16:00:00  ,,
支出,奶茶甜品,,3.67,CNY,银行卡,,,巧乐兹,  2025-03-21 16:00:00  ,,
支出,堂食外卖,,12.00,CNY,银行卡,,,外卖,  2025-03-20 16:00:00  ,,
支出,堂食外卖,,15.01,CNY,银行卡,,,来优品,  2025-03-20 16:00:00  ,,
支出,堂食外卖,,27.00,CNY,银行卡,,,,  2025-03-20 16:00:00  ,,
支出,堂食外卖,,79.00,CNY,银行卡,,,耿福兴,  2025-03-19 16:00:00  ,,
支出,服装鞋帽,,18.24,CNY,银行卡,,,丝袜,  2025-03-19 16:00:00  ,,
支出,服装鞋帽,,38.17,CNY,银行卡,,,朵朵棉内裤,  2025-03-19 16:00:00  ,,
支出,停车费用,,4.00,CNY,银行卡,,,停车费,  2025-03-19 16:00:00  ,,
支出,问诊就医,,16.90,CNY,银行卡,,,一次性口罩,  2025-03-19 16:00:00  ,,
支出,堂食外卖,,13.00,CNY,银行卡,,,外卖,  2025-03-18 16:00:00  ,,
支出,堂食外卖,,18.00,CNY,银行卡,,,盒马,  2025-03-18 16:00:00  ,,
支出,出行打车,,38.00,CNY,银行卡,,,打车,  2025-03-18 16:00:00  ,,
支出,堂食外卖,,56.70,CNY,银行卡,,,盒马,  2025-03-18 16:00:00  ,,
支出,堂食外卖,,22.20,CNY,银行卡,,,烤肠,  2025-03-17 16:00:00  ,,
支出,零食饮品,,25.00,CNY,银行卡,,,黄油面包,  2025-03-17 16:00:00  ,,
支出,公交地铁,,10.00,CNY,银行卡,,,公交卡,  2025-03-17 16:00:00  ,,
支出,零食饮品,,3.00,CNY,银行卡,,,可乐,  2025-03-16 16:00:00  ,,
支出,食材调料,,27.06,CNY,银行卡,,,核桃,  2025-03-16 16:00:00  ,,
支出,停车费用,,600.00,CNY,银行卡,,,停车费,  2025-03-16 16:00:00  ,,
支出,堂食外卖,,50.00,CNY,银行卡,,,,  2025-03-16 16:00:00  ,,
支出,堂食外卖,,50.89,CNY,银行卡,,,盒马,  2025-03-15 16:00:00  ,,
支出,堂食外卖,,12.30,CNY,银行卡,,,外卖,  2025-03-14 16:00:00  ,,
支出,食材调料,,17.97,CNY,银行卡,,,买菜,  2025-03-14 16:00:00  ,,
支出,堂食外卖,,23.22,CNY,银行卡,,,来优品,  2025-03-14 16:00:00  ,,
支出,堂食外卖,,13.90,CNY,银行卡,,,外卖,  2025-03-13 16:00:00  ,,
支出,食材调料,,12.90,CNY,银行卡,,,白象方便面,  2025-03-13 16:00:00  ,,
支出,堂食外卖,,24.88,CNY,银行卡,,,来优品,  2025-03-13 16:00:00  ,,
支出,公交地铁,,10.00,CNY,银行卡,,,公交卡,  2025-03-12 16:00:00  ,,
支出,零食饮品,,32.80,CNY,银行卡,,,巴莉甜甜,  2025-03-11 16:00:00  ,,
支出,堂食外卖,,31.00,CNY,银行卡,,,喜姐,  2025-03-10 16:00:00  ,,
支出,日用百货,,6.40,CNY,银行卡,,,花瓶,  2025-03-10 16:00:00  ,,
支出,堂食外卖,,130.60,CNY,银行卡,,,盒马,  2025-03-09 16:00:00  ,,
支出,奶茶甜品,,38.50,CNY,银行卡,,,卡旺卡,  2025-03-09 16:00:00  ,,
支出,零食饮品,,6.50,CNY,银行卡,,,可乐,  2025-03-09 16:00:00  ,,
支出,堂食外卖,,21.80,CNY,银行卡,,,水果,  2025-03-08 16:00:02  ,,
支出,堂食外卖,,21.80,CNY,银行卡,,,德克士,  2025-03-08 16:00:01  ,,
支出,堂食外卖,,16.00,CNY,银行卡,,,早饭,  2025-03-08 16:00:00  ,,
支出,堂食外卖,,8.00,CNY,银行卡,,,凉皮,  2025-03-08 16:00:00  ,,
支出,堂食外卖,,50.88,CNY,银行卡,,,盒马,  2025-03-08 16:00:00  ,,
支出,零食饮品,,23.70,CNY,银行卡,,,粒上皇,  2025-03-08 16:00:00  ,,
支出,公交地铁,,10.00,CNY,银行卡,,,公交卡,  2025-03-07 16:00:00  ,,
支出,食材调料,,12.50,CNY,银行卡,,,哈密瓜,  2025-03-07 16:00:00  ,,
支出,堂食外卖,,5.00,CNY,银行卡,,,鸡柳,  2025-03-06 16:00:02  ,,
支出,堂食外卖,,9.00,CNY,银行卡,,,炒面,  2025-03-06 16:00:02  ,,
支出,堂食外卖,,5.00,CNY,银行卡,,,早饭,  2025-03-06 16:00:01  ,,
支出,食材调料,,9.00,CNY,银行卡,,,里脊肉饼,  2025-03-06 16:00:01  ,,
支出,清洁用品,,17.70,CNY,银行卡,,,志高去球器,  2025-03-06 16:00:00  ,,
支出,日用百货,,10.80,CNY,银行卡,,,水槽过滤网,  2025-03-06 16:00:00  ,,
支出,零食饮品,,39.92,CNY,银行卡,,,欧亚纯牛奶,  2025-03-06 16:00:00  ,,
支出,零食饮品,,4.00,CNY,银行卡,,,柠檬水,  2025-03-06 16:00:00  ,,
支出,堂食外卖,,17.50,CNY,银行卡,,,塔斯丁,  2025-03-05 16:00:00  ,,
支出,零食饮品,,29.23,CNY,银行卡,,,枣糕,  2025-03-05 16:00:00  ,,
支出,堂食外卖,,8.00,CNY,银行卡,,,米线,  2025-03-05 16:00:00  ,,
支出,食材调料,,21.90,CNY,银行卡,,,玉米,  2025-03-05 16:00:00  ,,
支出,食材调料,,22.90,CNY,银行卡,,,印尼方便面,  2025-03-05 16:00:00  ,,
支出,堂食外卖,,13.80,CNY,银行卡,,,外卖,  2025-03-04 16:00:00  ,,
支出,食材调料,,112.00,CNY,银行卡,,,鸭屎香乌龙茶,  2025-03-04 16:00:00  ,,
支出,堂食外卖,,16.98,CNY,银行卡,,,来优品,  2025-03-04 16:00:00  ,,
支出,食材调料,,25.00,CNY,银行卡,,,小番茄,  2025-03-04 16:00:00  ,,
支出,药品保健,,279.00,CNY,银行卡,,,爱乐维复合维生素,  2025-03-04 16:00:00  ,,
支出,堂食外卖,,12.50,CNY,银行卡,,,外卖,  2025-03-03 16:00:00  ,,
支出,其他杂项,,100.00,CNY,银行卡,,,,  2025-03-03 16:00:00  ,,
支出,公交地铁,,10.00,CNY,银行卡,,,公交卡,  2025-03-03 16:00:00  ,,
支出,药品保健,,357.29,CNY,银行卡,,,艾瑞可DHA,  2025-03-03 16:00:00  ,,
支出,奶茶甜品,,27.45,CNY,银行卡,,,奶茶,  2025-03-02 16:00:00  ,,
支出,零食饮品,,23.20,CNY,银行卡,,,乐事薯片,  2025-03-02 16:00:00  ,,
支出,日用百货,,51.55,CNY,银行卡,,,联家,  2025-03-01 16:00:00  ,,
支出,零食饮品,,12.50,CNY,银行卡,,,詹记,  2025-03-01 16:00:00  ,,
支出,信用分期,,1674.14,CNY,银行卡,,,京东白条,  2025-03-01 16:00:00  ,,
支出,房屋贷款,,2018.33,CNY,银行卡,,,房贷,  2025-03-01 16:00:00  ,,
支出,堂食外卖,,11.10,CNY,银行卡,,,外卖,  2025-02-28 16:00:00  ,,
支出,堂食外卖,,8.00,CNY,银行卡,,,凉皮米线,  2025-02-28 16:00:00  ,,
支出,零食饮品,,4.70,CNY,银行卡,,,饮料,  2025-02-28 16:00:00  ,,
支出,堂食外卖,,12.90,CNY,银行卡,,,外卖,  2025-02-27 16:00:00  ,,
支出,日用百货,,37.91,CNY,银行卡,,,不锈钢筷子,  2025-02-27 16:00:00  ,,
支出,汽车贷款,,1917.00,CNY,银行卡,,,车贷,  2025-02-27 16:00:00  ,,
支出,堂食外卖,,23.90,CNY,银行卡,,,临榆炸鸡,  2025-02-26 16:00:00  ,,
支出,公交地铁,,10.00,CNY,银行卡,,,公交卡,  2025-02-26 16:00:00  ,,
支出,堂食外卖,,13.50,CNY,银行卡,,,外卖,  2025-02-25 16:00:00  ,,
支出,堂食外卖,,52.58,CNY,银行卡,,,盒马,  2025-02-25 16:00:00  ,,
支出,奶茶甜品,,13.49,CNY,银行卡,,,库迪咖啡,  2025-02-25 16:00:00  ,,
支出,食材调料,,15.00,CNY,银行卡,,,草莓,  2025-02-25 16:00:00  ,,
支出,食材调料,,25.00,CNY,银行卡,,,小番茄,  2025-02-25 16:00:00  ,,
支出,堂食外卖,,12.90,CNY,银行卡,,,外卖,  2025-02-24 16:00:00  ,,
支出,堂食外卖,,5.00,CNY,银行卡,,,酱香饼,  2025-02-24 16:00:00  ,,
支出,零食饮品,,18.88,CNY,银行卡,,,枣糕,  2025-02-24 16:00:00  ,,
支出,堂食外卖,,11.00,CNY,银行卡,,,酱香饼,  2025-02-23 16:00:00  ,,
支出,日用百货,,8.54,CNY,银行卡,,,淋浴间防水条,  2025-02-23 16:00:00  ,,
支出,奶茶甜品,,28.90,CNY,银行卡,,,coco,  2025-02-23 16:00:00  ,,
支出,堂食外卖,,32.60,CNY,银行卡,,,鱼煲家,  2025-02-22 16:00:00  ,,
支出,堂食外卖,,12.00,CNY,银行卡,,,早饭,  2025-02-20 16:00:00  ,,
支出,食材调料,,8.00,CNY,银行卡,,,鸡蛋饼,  2025-02-20 16:00:00  ,,
支出,公交地铁,,10.00,CNY,银行卡,,,公交卡,  2025-02-20 16:00:00  ,,
支出,堂食外卖,,18.30,CNY,银行卡,,,,  2025-02-20 16:00:00  ,,
支出,零食饮品,,18.50,CNY,银行卡,,,蛋糕,  2025-02-20 16:00:00  ,,
支出,水电燃气,,100.00,CNY,银行卡,,,充电桩,  2025-02-20 16:00:00  ,,
支出,堂食外卖,,39.13,CNY,银行卡,,,,  2025-02-20 16:00:00  ,,
支出,堂食外卖,,23.80,CNY,银行卡,,,金煌芒,  2025-02-20 16:00:00  ,,
支出,堂食外卖,,13.10,CNY,银行卡,,,外卖,  2025-02-19 16:00:00  ,,
支出,服装鞋帽,,55.80,CNY,银行卡,,,孕妇裤,  2025-02-19 16:00:00  ,,
支出,食材调料,,80.88,CNY,银行卡,,,黄胜记猪肉脯,  2025-02-19 16:00:00  ,,
支出,食材调料,,20.60,CNY,银行卡,,,里脊肉饼,  2025-02-18 16:00:00  ,,
支出,堂食外卖,,15.96,CNY,银行卡,,,水果,  2025-02-18 16:00:00  ,,
支出,零食饮品,,37.91,CNY,银行卡,,,酸奶,  2025-02-18 16:00:00  ,,
支出,堂食外卖,,12.80,CNY,银行卡,,,外卖,  2025-02-17 16:00:00  ,,
支出,日用百货,,1.71,CNY,银行卡,,,竹垫子,  2025-02-17 16:00:00  ,,
支出,日用百货,,85.10,CNY,银行卡,,,奥古狮登小皮鞋,  2025-02-17 16:00:00  ,,
支出,个护美妆,,12.50,CNY,银行卡,,,小米牙刷头,  2025-02-17 16:00:00  ,,
支出,日用百货,,7.39,CNY,银行卡,,,汤碗,  2025-02-17 16:00:00  ,,
支出,零食饮品,,16.50,CNY,银行卡,,,猴头菇饼干,  2025-02-17 16:00:00  ,,
支出,堂食外卖,,28.25,CNY,银行卡,,,来优品,  2025-02-16 16:00:00  ,,
支出,奶茶甜品,,47.50,CNY,银行卡,,,DQ,  2025-02-16 16:00:00  ,,
支出,堂食外卖,,4.50,CNY,银行卡,,,早饭,  2025-02-15 16:00:00  ,,
支出,堂食外卖,,24.00,CNY,银行卡,,,宵夜,  2025-02-15 16:00:00  ,,
支出,堂食外卖,,94.93,CNY,银行卡,,,联家超市,  2025-02-15 16:00:00  ,,
支出,其他杂项,,5.55,CNY,银行卡,,,运费,  2025-02-15 16:00:00  ,,
支出,堂食外卖,,11.30,CNY,银行卡,,,外卖,  2025-02-14 16:00:00  ,,
支出,食材调料,,21.92,CNY,银行卡,,,买菜,  2025-02-14 16:00:00  ,,
支出,堂食外卖,,8.99,CNY,银行卡,,,炒面,  2025-02-14 16:00:00  ,,
支出,公交地铁,,10.00,CNY,银行卡,,,公交卡,  2025-02-14 16:00:00  ,,
支出,堂食外卖,,14.60,CNY,银行卡,,,可可香酸辣粉,  2025-02-13 16:00:00  ,,
支出,堂食外卖,,12.10,CNY,银行卡,,,外卖,  2025-02-13 16:00:00  ,,
支出,堂食外卖,,21.71,CNY,银行卡,,,喜姐,  2025-02-13 16:00:00  ,,
支出,日用百货,,4.93,CNY,银行卡,,,亚克力磁吸框,  2025-02-13 16:00:00  ,,
支出,零食饮品,,39.92,CNY,银行卡,,,欧亚纯牛奶,  2025-02-13 16:00:00  ,,
支出,食材调料,,8.50,CNY,银行卡,,,牛肉面,  2025-02-12 16:00:00  ,,
支出,堂食外卖,,3.50,CNY,银行卡,,,烧饼,  2025-02-12 16:00:00  ,,
支出,个护美妆,,15.96,CNY,银行卡,,,隐形眼镜护理液,  2025-02-12 16:00:00  ,,
支出,食材调料,,21.76,CNY,银行卡,,,玉米,  2025-02-12 16:00:00  ,,
支出,日用百货,,7.90,CNY,银行卡,,,云南冰箱贴,  2025-02-12 16:00:00  ,,
支出,奶茶甜品,,12.41,CNY,银行卡,,,库迪咖啡,  2025-02-12 16:00:00  ,,
支出,堂食外卖,,14.50,CNY,银行卡,,,早饭,  2025-02-11 16:00:00  ,,
支出,堂食外卖,,47.90,CNY,银行卡,,,老乡鸡,  2025-02-11 16:00:00  ,,
支出,日用百货,,13.90,CNY,银行卡,,,玻璃饭盒,  2025-02-10 16:00:00  ,,
支出,日用百货,,8.29,CNY,银行卡,,,玻璃饭盒,  2025-02-10 16:00:00  ,,
支出,人情礼金,,300.00,CNY,银行卡,,,嫂子生日,  2025-02-10 16:00:00  ,,
支出,堂食外卖,,48.50,CNY,银行卡,,,肯德基,  2025-02-09 16:00:00  ,,
支出,堂食外卖,,92.26,CNY,银行卡,,,天猫超市,  2025-02-09 16:00:00  ,,
支出,堂食外卖,,74.60,CNY,银行卡,,,盒马,  2025-02-09 16:00:00  ,,
支出,人情礼金,,300.00,CNY,银行卡,,,哥哥生日,  2025-02-09 16:00:00  ,,
支出,堂食外卖,,7.94,CNY,银行卡,,,早饭,  2025-02-08 16:00:00  ,,
支出,堂食外卖,,35.48,CNY,银行卡,,,喜姐宵夜,  2025-02-08 16:00:00  ,,
支出,公交地铁,,10.00,CNY,银行卡,,,公交卡,  2025-02-08 16:00:00  ,,
支出,堂食外卖,,17.00,CNY,银行卡,,,台北小栈煲仔饭,  2025-02-07 16:00:00  ,,
支出,堂食外卖,,12.90,CNY,银行卡,,,外卖,  2025-02-07 16:00:00  ,,
支出,堂食外卖,,19.91,CNY,银行卡,,,外卖,  2025-02-06 16:00:00  ,,
支出,食材调料,,43.90,CNY,银行卡,,,兰记牛肉面,  2025-02-06 16:00:00  ,,
支出,停车费用,,5.00,CNY,银行卡,,,停车费,  2025-02-06 16:00:00  ,,
支出,堂食外卖,,13.93,CNY,银行卡,,,外卖,  2025-02-05 16:00:00  ,,
支出,堂食外卖,,27.60,CNY,银行卡,,,肯德基,  2025-02-05 16:00:00  ,,
支出,食材调料,,32.00,CNY,银行卡,,,牛肉面,  2025-02-04 16:00:00  ,,
支出,堂食外卖,,24.00,CNY,银行卡,,,肥叔锅贴,  2025-02-04 16:00:00  ,,
支出,堂食外卖,,5.00,CNY,银行卡,,,鸡柳,  2025-02-04 16:00:00  ,,
支出,公交地铁,,10.00,CNY,银行卡,,,公交卡,  2025-02-04 16:00:00  ,,
支出,堂食外卖,,79.00,CNY,银行卡,,,鱼煲,  2025-02-03 16:00:00  ,,
支出,奶茶甜品,,22.90,CNY,银行卡,,,coco,  2025-02-03 16:00:00  ,,
支出,零食饮品,,54.39,CNY,银行卡,,,老约翰面包,  2025-02-03 16:00:00  ,,
支出,堂食外卖,,41.86,CNY,银行卡,,,胡小厨,  2025-02-02 16:00:00  ,,
支出,停车费用,,8.00,CNY,银行卡,,,停车费,  2025-02-02 16:00:00  ,,
支出,堂食外卖,,21.51,CNY,银行卡,,,来优品,  2025-02-02 16:00:00  ,,
支出,堂食外卖,,74.90,CNY,银行卡,,,肯德基,  2025-02-01 16:00:00  ,,
支出,零食饮品,,40.00,CNY,银行卡,,,洽洽,  2025-02-01 16:00:00  ,,
支出,日用百货,,80.97,CNY,银行卡,,,联家,  2025-02-01 16:00:00  ,,
支出,房屋贷款,,2018.50,CNY,银行卡,,,房贷,  2025-02-01 16:00:00  ,,
支出,堂食外卖,,40.34,CNY,银行卡,,,盒马,  2025-01-31 16:00:00  ,,
支出,文娱活动,,108.00,CNY,银行卡,,,电影票,  2025-01-31 16:00:00  ,,
支出,堂食外卖,,98.00,CNY,银行卡,,,小菜园,  2025-01-30 16:00:00  ,,
支出,堂食外卖,,23.20,CNY,银行卡,,,寿司,  2025-01-30 16:00:00  ,,
支出,停车费用,,8.00,CNY,银行卡,,,停车费,  2025-01-30 16:00:00  ,,
支出,奶茶甜品,,28.00,CNY,银行卡,,,DQ,  2025-01-30 16:00:00  ,,
支出,堂食外卖,,199.13,CNY,银行卡,,,联家超市,  2025-01-29 16:00:00  ,,
支出,出行打车,,20.20,CNY,银行卡,,,打车,  2025-01-29 16:00:00  ,,
支出,零食饮品,,21.90,CNY,银行卡,,,粒上皇,  2025-01-29 16:00:00  ,,
支出,宝宝穿搭,,800.00,CNY,银行卡,,,糖豆红包,  2025-01-28 16:00:00  ,,
支出,堂食外卖,,16.94,CNY,银行卡,,,,  2025-01-27 16:00:00  ,,
支出,日用百货,,2878.50,CNY,银行卡,,,信用卡,  2025-01-27 16:00:00  ,,
支出,奶茶甜品,,43.00,CNY,银行卡,,,卡旺卡,  2025-01-27 16:00:00  ,,
支出,堂食外卖,,15.18,CNY,银行卡,,,来优品,  2025-01-27 16:00:00  ,,
支出,汽车贷款,,1917.00,CNY,银行卡,,,车贷,  2025-01-27 16:00:00  ,,
支出,堂食外卖,,18.99,CNY,银行卡,,,老乡鸡,  2025-01-26 16:00:00  ,,
支出,堂食外卖,,41.30,CNY,银行卡,,,素食包子,  2025-01-26 16:00:00  ,,
支出,食材调料,,49.65,CNY,银行卡,,,买菜,  2025-01-26 16:00:00  ,,
支出,孝敬长辈,,258.00,CNY,银行卡,,,阿胶,  2025-01-26 16:00:00  ,,
支出,人情礼金,,870.00,CNY,银行卡,,,迎驾贡酒6年,  2025-01-26 16:00:00  ,,
支出,食材调料,,14.96,CNY,银行卡,,,买菜,  2025-01-26 16:00:00  ,,
支出,食材调料,,21.99,CNY,银行卡,,,火龙果,  2025-01-26 16:00:00  ,,
支出,零食饮品,,10.00,CNY,银行卡,,,李子园,  2025-01-25 16:00:00  ,,
支出,堂食外卖,,10.00,CNY,银行卡,,,早饭,  2025-01-23 16:00:00  ,,
支出,堂食外卖,,70.50,CNY,银行卡,,,盒马,  2025-01-23 16:00:00  ,,
支出,水电燃气,,100.00,CNY,银行卡,,,充电桩,  2025-01-23 16:00:00  ,,
支出,孝敬长辈,,500.00,CNY,银行卡,,,京东卡,  2025-01-22 16:00:00  ,,
支出,停车费用,,18.00,CNY,银行卡,,,停车费,  2025-01-22 16:00:00  ,,
支出,公交地铁,,10.00,CNY,银行卡,,,公交卡,  2025-01-22 16:00:00  ,,
支出,堂食外卖,,80.96,CNY,银行卡,,,西麦麦片,  2025-01-21 16:00:00  ,,
支出,零食饮品,,34.99,CNY,银行卡,,,金典牛奶,  2025-01-21 16:00:00  ,,
支出,零食饮品,,146.60,CNY,银行卡,,,生日蛋糕,  2025-01-21 16:00:00  ,,
支出,堂食外卖,,26.99,CNY,银行卡,,,银鹭八宝粥,  2025-01-21 16:00:00  ,,
支出,信用分期,,1313.20,CNY,银行卡,,,京东白条,  2025-01-21 16:00:00  ,,
支出,堂食外卖,,29.00,CNY,银行卡,,,嘎嘎鸭下巴,  2025-01-19 16:00:00  ,,
支出,堂食外卖,,32.00,CNY,银行卡,,,轩寿司（鳗鱼+芝士）,  2025-01-19 16:00:00  ,,
支出,人情礼金,,289.00,CNY,银行卡,,,红蜻蜓女鞋,  2025-01-19 16:00:00  ,,
支出,出行打车,,6.69,CNY,银行卡,,,打车,  2025-01-19 16:00:00  ,,
支出,出行打车,,16.78,CNY,银行卡,,,打车,  2025-01-19 16:00:00  ,,
支出,零食饮品,,15.00,CNY,银行卡,,,果汁饮料,  2025-01-19 16:00:00  ,,
支出,零食饮品,,55.40,CNY,银行卡,,,老约翰面包,  2025-01-19 16:00:00  ,,
支出,美妆个护,,810.00,CNY,银行卡,,,毛戈平,  2025-01-19 16:00:00  ,,
支出,零食饮品,,73.80,CNY,银行卡,,,金典纯牛奶,  2025-01-18 16:00:00  ,,
支出,奶茶甜品,,12.29,CNY,银行卡,,,库迪咖啡,  2025-01-18 16:00:00  ,,
支出,食材调料,,11.00,CNY,银行卡,,,买菜,  2025-01-17 16:00:00  ,,
支出,堂食外卖,,22.57,CNY,银行卡,,,刘文祥麻辣烫,  2025-01-17 16:00:00  ,,
支出,服装鞋帽,,35.90,CNY,银行卡,,,孕妇秋衣,  2025-01-17 16:00:00  ,,
支出,孝敬长辈,,206.60,CNY,银行卡,,,谢裕大茶叶,  2025-01-17 16:00:00  ,,
支出,其他杂项,,100.00,CNY,银行卡,,,,  2025-01-17 16:00:00  ,,
支出,公交地铁,,10.00,CNY,银行卡,,,公交卡,  2025-01-17 16:00:00  ,,
支出,孝敬长辈,,175.00,CNY,银行卡,,,蒙牛奶粉两箱,  2025-01-16 16:00:00  ,,
支出,孝敬长辈,,93.33,CNY,银行卡,,,桂格麦片,  2025-01-16 16:00:00  ,,
支出,食材调料,,17.60,CNY,银行卡,,,西梅,  2025-01-16 16:00:00  ,,
支出,堂食外卖,,15.50,CNY,银行卡,,,包子,  2025-01-15 16:00:00  ,,
支出,人情礼金,,600.00,CNY,银行卡,,,二哥结婚,  2025-01-15 16:00:00  ,,
支出,堂食外卖,,5.00,CNY,银行卡,,,早饭,  2025-01-14 16:00:00  ,,
支出,堂食外卖,,12.00,CNY,银行卡,,,火山石烤肠,  2025-01-14 16:00:00  ,,
支出,出行打车,,5.00,CNY,银行卡,,,打车,  2025-01-13 16:00:02  ,,
支出,堂食外卖,,5.00,CNY,银行卡,,,早饭,  2025-01-13 16:00:01  ,,
支出,公交地铁,,10.00,CNY,银行卡,,,公交卡,  2025-01-13 16:00:00  ,,
支出,出行打车,,43.33,CNY,银行卡,,,打车,  2025-01-13 16:00:00  ,,
支出,堂食外卖,,10.00,CNY,银行卡,,,早饭,  2025-01-12 16:00:00  ,,
支出,堂食外卖,,38.10,CNY,银行卡,,,,  2025-01-12 16:00:00  ,,
支出,其他花费,,13.50,CNY,银行卡,,,,  2025-01-12 16:00:00  ,,
支出,堂食外卖,,24.17,CNY,银行卡,,,来优品,  2025-01-12 16:00:00  ,,
支出,堂食外卖,,4.00,CNY,银行卡,,,火腿肠,  2025-01-11 16:00:02  ,,
支出,食材调料,,4.00,CNY,银行卡,,,千张,  2025-01-11 16:00:01  ,,
支出,食材调料,,1.00,CNY,银行卡,,,青菜,  2025-01-11 16:00:00  ,,
支出,食材调料,,7.00,CNY,银行卡,,,买菜,  2025-01-11 16:00:00  ,,
支出,奶茶甜品,,41.50,CNY,银行卡,,,卡旺卡,  2025-01-11 16:00:00  ,,
支出,日用百货,,34.44,CNY,银行卡,,,鞋架,  2025-01-09 16:00:00  ,,
支出,食材调料,,35.70,CNY,银行卡,,,黄老五花生糖狗屎糖,  2025-01-09 16:00:00  ,,
支出,宝宝穿搭,,190.00,CNY,银行卡,,,糖豆衣服,  2025-01-09 16:00:00  ,,
支出,宝宝穿搭,,44.00,CNY,银行卡,,,糖豆鞋子,  2025-01-09 16:00:00  ,,
支出,堂食外卖,,15.30,CNY,银行卡,,,,  2025-01-08 16:00:00  ,,
支出,日用百货,,11.71,CNY,银行卡,,,春联,  2025-01-08 16:00:00  ,,
支出,日用百货,,1.68,CNY,银行卡,,,除胶剂,  2025-01-08 16:00:00  ,,
支出,日用百货,,21.90,CNY,银行卡,,,维达抽纸,  2025-01-07 16:00:02  ,,
支出,食材调料,,21.90,CNY,银行卡,,,玉米,  2025-01-07 16:00:01  ,,
支出,堂食外卖,,26.10,CNY,银行卡,,,,  2025-01-07 16:00:00  ,,
支出,零食饮品,,37.97,CNY,银行卡,,,欧亚纯牛奶,  2025-01-07 16:00:00  ,,
支出,公交地铁,,10.00,CNY,银行卡,,,公交卡,  2025-01-07 16:00:00  ,,
支出,零食饮品,,29.79,CNY,银行卡,,,可口可乐,  2025-01-07 16:00:00  ,,
支出,药品保健,,394.25,CNY,银行卡,,,活性叶酸,  2025-01-07 16:00:00  ,,
支出,零食饮品,,24.50,CNY,银行卡,,,零食,  2025-01-06 16:00:00  ,,
支出,堂食外卖,,74.02,CNY,银行卡,,,联家超市,  2025-01-06 16:00:00  ,,
支出,零食饮品,,13.49,CNY,银行卡,,,三只松鼠山楂棒,  2025-01-06 16:00:00  ,,
支出,零食饮品,,57.80,CNY,银行卡,,,特仑苏,  2025-01-06 16:00:00  ,,
支出,零食饮品,,57.29,CNY,银行卡,,,金典,  2025-01-06 16:00:00  ,,
支出,服装鞋帽,,27.90,CNY,银行卡,,,洗脸巾,  2025-01-06 16:00:00  ,,
支出,物业缴费,,1130.44,CNY,银行卡,,,物业费,  2025-01-06 16:00:00  ,,
支出,堂食外卖,,20.41,CNY,银行卡,,,渣渣辉南昌拌粉,  2025-01-05 16:00:00  ,,
支出,零食饮品,,3.00,CNY,银行卡,,,可乐,  2025-01-05 16:00:00  ,,
支出,堂食外卖,,10.00,CNY,银行卡,,,早饭,  2025-01-04 16:00:00  ,,
支出,食材调料,,4.35,CNY,银行卡,,,买菜,  2025-01-04 16:00:00  ,,
支出,堂食外卖,,33.77,CNY,银行卡,,,安捷惠酸菜鱼,  2025-01-04 16:00:00  ,,
支出,零食饮品,,15.96,CNY,银行卡,,,粒上皇,  2025-01-03 16:00:00  ,,
支出,堂食外卖,,27.46,CNY,银行卡,,,来优品,  2025-01-03 16:00:00  ,,
支出,堂食外卖,,18.60,CNY,银行卡,,,炒面、鸡柳,  2025-01-02 16:00:00  ,,
支出,食材调料,,27.20,CNY,银行卡,,,红糖,  2025-01-02 16:00:00  ,,
支出,日用百货,,4.43,CNY,银行卡,,,遥控器,  2025-01-02 16:00:00  ,,
支出,房屋贷款,,2222.48,CNY,银行卡,,,房贷,  2025-01-02 16:00:00  ,,
支出,堂食外卖,,24.51,CNY,银行卡,,,早点半成品,  2025-01-01 16:00:00  ,,
支出,堂食外卖,,7.00,CNY,银行卡,,,早饭,  2025-01-01 16:00:00  ,,
支出,堂食外卖,,38.20,CNY,银行卡,,,胡小厨,  2025-01-01 16:00:00  ,,
支出,堂食外卖,,314.00,CNY,银行卡,,,金寨人家,  2025-01-01 16:00:00  ,,
支出,服装鞋帽,,122.00,CNY,银行卡,,,打底套装裙,  2025-01-01 16:00:00  ,,
支出,出行打车,,4.49,CNY,银行卡,,,打车,  2025-01-01 16:00:00  ,,
支出,洗车保养,,100.00,CNY,银行卡,,,,  2025-01-01 16:00:00  ,,
支出,公交地铁,,10.00,CNY,银行卡,,,公交卡,  2024-12-31 16:00:00  ,,
支出,零食饮品,,120.90,CNY,银行卡,,,蛋糕,  2024-12-31 16:00:00  ,,
支出,美妆个护,,1067.70,CNY,银行卡,,,娇韵诗日霜、防晒,  2024-12-31 16:00:00  ,,
支出,服装鞋帽,,36.86,CNY,银行卡,,,内裤,  2024-12-30 16:00:00  ,,
支出,服装鞋帽,,79.90,CNY,银行卡,,,朵朵棉胸衣,  2024-12-30 16:00:00  ,,
支出,堂食外卖,,28.00,CNY,银行卡,,,卤菜,  2024-12-29 16:00:00  ,,
支出,堂食外卖,,2.00,CNY,银行卡,,,大头卤菜肉包,  2024-12-29 16:00:00  ,,
支出,堂食外卖,,4.00,CNY,银行卡,,,炒面,  2024-12-29 16:00:00  ,,
支出,堂食外卖,,50.49,CNY,银行卡,,,永辉,  2024-12-29 16:00:00  ,,
支出,堂食外卖,,4.88,CNY,银行卡,,,火腿肠,  2024-12-29 16:00:00  ,,
支出,堂食外卖,,20.49,CNY,银行卡,,,堂上堂,  2024-12-28 16:00:00  ,,
支出,奶茶甜品,,35.00,CNY,银行卡,,,卡旺卡,  2024-12-28 16:00:00  ,,
支出,堂食外卖,,28.00,CNY,银行卡,,,麦当劳,  2024-12-28 16:00:00  ,,
支出,汽车贷款,,1917.00,CNY,银行卡,,,车贷,  2024-12-28 16:00:00  ,,
支出,日用百货,,1407.00,CNY,银行卡,,,信用卡,  2024-12-28 16:00:00  ,,
支出,堂食外卖,,19.88,CNY,银行卡,,,早饭,  2024-12-27 16:00:00  ,,
支出,食材调料,,21.88,CNY,银行卡,,,买菜,  2024-12-27 16:00:00  ,,
支出,堂食外卖,,9.00,CNY,银行卡,,,炒面,  2024-12-27 16:00:00  ,,
支出,食材调料,,22.70,CNY,银行卡,,,西梅火腿肠,  2024-12-26 16:00:00  ,,
支出,食材调料,,18.88,CNY,银行卡,,,007牛肉面,  2024-12-25 16:00:00  ,,
支出,服装鞋帽,,35.90,CNY,银行卡,,,秋衣,  2024-12-25 16:00:00  ,,
支出,公交地铁,,10.00,CNY,银行卡,,,公交卡,  2024-12-25 16:00:00  ,,
支出,堂食外卖,,33.68,CNY,银行卡,,,来优品,  2024-12-24 16:00:00  ,,
支出,零食饮品,,15.90,CNY,银行卡,,,瓜子,  2024-12-24 16:00:00  ,,
支出,问诊就医,,20.00,CNY,银行卡,,,二院挂号费,  2024-12-24 16:00:00  ,,
支出,堂食外卖,,57.00,CNY,银行卡,,,魏家凉皮,  2024-12-23 16:00:00  ,,
支出,堂食外卖,,9.20,CNY,银行卡,,,姥姥家粥铺,  2024-12-23 16:00:00  ,,
支出,食材调料,,12.00,CNY,银行卡,,,甘蔗,  2024-12-23 16:00:00  ,,
支出,药品保健,,80.63,CNY,银行卡,,,钙片,  2024-12-23 16:00:00  ,,
支出,疫苗体检,,341.90,CNY,银行卡,,,社区建档,  2024-12-23 16:00:00  ,,
支出,堂食外卖,,10.00,CNY,银行卡,,,早饭,  2024-12-22 16:00:00  ,,
支出,食材调料,,0.70,CNY,银行卡,,,生姜,  2024-12-22 16:00:00  ,,
支出,日用百货,,4.30,CNY,银行卡,,,辅助凳,  2024-12-22 16:00:00  ,,
支出,奶茶甜品,,10.90,CNY,银行卡,,,库迪咖啡,  2024-12-22 16:00:00  ,,
支出,堂食外卖,,21.90,CNY,银行卡,,,小高米线,  2024-12-21 16:00:00  ,,
支出,堂食外卖,,39.50,CNY,银行卡,,,麦当劳,  2024-12-21 16:00:00  ,,
支出,食材调料,,16.49,CNY,银行卡,,,买菜,  2024-12-20 16:00:00  ,,
支出,零食饮品,,44.97,CNY,银行卡,,,梨子牛奶,  2024-12-20 16:00:00  ,,
支出,公交地铁,,10.00,CNY,银行卡,,,公交卡,  2024-12-20 16:00:00  ,,
支出,电脑配件,,6863.83,CNY,银行卡,,,妹妹电脑,  2024-12-20 16:00:00  ,,
支出,水电燃气,,100.00,CNY,银行卡,,,充电桩,  2024-12-20 16:00:00  ,,
支出,堂食外卖,,26.80,CNY,银行卡,,,胡小厨,  2024-12-19 16:00:00  ,,
支出,食材调料,,12.41,CNY,银行卡,,,枸杞,  2024-12-18 16:00:00  ,,
支出,食材调料,,19.90,CNY,银行卡,,,银耳,  2024-12-18 16:00:00  ,,
支出,堂食外卖,,300.00,CNY,银行卡,,,嘎嘎鸭,  2024-12-17 16:00:00  ,,
支出,孝敬长辈,,79.00,CNY,银行卡,,,妈妈本命年内衣裤,  2024-12-17 16:00:00  ,,
支出,孝敬长辈,,108.00,CNY,银行卡,,,爸爸保暖衣两套,  2024-12-17 16:00:00  ,,
支出,停车费用,,10.00,CNY,银行卡,,,停车费,  2024-12-17 16:00:00  ,,
支出,堂食外卖,,34.90,CNY,银行卡,,,肯德基,  2024-12-16 16:00:00  ,,
支出,服装鞋帽,,79.00,CNY,银行卡,,,大哥本命年内衣裤,  2024-12-16 16:00:00  ,,
支出,食材调料,,29.90,CNY,银行卡,,,椰子油,  2024-12-16 16:00:00  ,,
支出,堂食外卖,,70.26,CNY,银行卡,,,联家超市,  2024-12-16 16:00:00  ,,
支出,零食饮品,,20.90,CNY,银行卡,,,詹记,  2024-12-16 16:00:00  ,,
支出,食材调料,,19.80,CNY,银行卡,,,老街口花生,  2024-12-16 16:00:00  ,,
支出,人情礼金,,500.00,CNY,银行卡,,,曼曼结婚,  2024-12-16 16:00:00  ,,
支出,堂食外卖,,10.00,CNY,银行卡,,,早饭,  2024-12-15 16:00:00  ,,
支出,食材调料,,1.80,CNY,银行卡,,,千张,  2024-12-15 16:00:00  ,,
支出,零食饮品,,2.50,CNY,银行卡,,,可乐,  2024-12-15 16:00:00  ,,
支出,洗车保养,,25.90,CNY,银行卡,,,途虎洗车,  2024-12-15 16:00:00  ,,
支出,堂食外卖,,68.70,CNY,银行卡,,,小高米线,  2024-12-14 16:00:00  ,,
支出,堂食外卖,,184.98,CNY,银行卡,,,晋家门,  2024-12-14 16:00:00  ,,
支出,停车费用,,8.00,CNY,银行卡,,,停车费,  2024-12-14 16:00:00  ,,
支出,奶茶甜品,,10.90,CNY,银行卡,,,库迪咖啡,  2024-12-14 16:00:00  ,,
支出,堂食外卖,,117.35,CNY,银行卡,,,鲜丰水果,  2024-12-14 16:00:00  ,,
支出,食材调料,,37.92,CNY,银行卡,,,买菜,  2024-12-13 16:00:00  ,,
支出,食材调料,,14.90,CNY,银行卡,,,旺旺大米饼,  2024-12-13 16:00:00  ,,
支出,食材调料,,10.90,CNY,银行卡,,,老街口花生,  2024-12-13 16:00:00  ,,
支出,食材调料,,30.60,CNY,银行卡,,,粒上皇烤红薯,  2024-12-13 16:00:00  ,,
支出,堂食外卖,,37.90,CNY,银行卡,,,肯德基,  2024-12-12 16:00:00  ,,
支出,孝敬长辈,,81.70,CNY,银行卡,,,奶粉,  2024-12-12 16:00:00  ,,
支出,堂食外卖,,20.90,CNY,银行卡,,,桂格燕麦片,  2024-12-12 16:00:00  ,,
支出,零食饮品,,3.00,CNY,银行卡,,,可乐,  2024-12-12 16:00:00  ,,
支出,堂食外卖,,21.41,CNY,银行卡,,,渣渣辉南昌拌粉,  2024-12-11 16:00:00  ,,
支出,服装鞋帽,,105.80,CNY,银行卡,,,打底套装,  2024-12-11 16:00:00  ,,
支出,厨房用品,,11.30,CNY,银行卡,,,炊大皇吸油纸,  2024-12-11 16:00:00  ,,
支出,公交地铁,,10.00,CNY,银行卡,,,公交卡,  2024-12-11 16:00:00  ,,
支出,食材调料,,21.90,CNY,银行卡,,,玉米,  2024-12-10 16:00:00  ,,
支出,食材调料,,18.20,CNY,银行卡,,,牛肉面,  2024-12-10 16:00:00  ,,
支出,服装鞋帽,,58.90,CNY,银行卡,,,孕妇打底裤,  2024-12-10 16:00:00  ,,
支出,母婴用品,,7.80,CNY,银行卡,,,胎教书,  2024-12-10 16:00:00  ,,
支出,个护美妆,,49.06,CNY,银行卡,,,隐形眼镜,  2024-12-10 16:00:00  ,,
支出,药品保健,,17.25,CNY,银行卡,,,藿香正气水,  2024-12-10 16:00:00  ,,
支出,堂食外卖,,18.80,CNY,银行卡,,,炸鸡,  2024-12-09 16:00:00  ,,
支出,服装鞋帽,,90.00,CNY,银行卡,,,大哥棉服,  2024-12-09 16:00:00  ,,
支出,日用百货,,27.70,CNY,银行卡,,,棉拖鞋,  2024-12-09 16:00:00  ,,
支出,母婴用品,,23.98,CNY,银行卡,,,孕妇别针,  2024-12-09 16:00:00  ,,
支出,母婴用品,,61.58,CNY,银行卡,,,孕妇枕,  2024-12-09 16:00:00  ,,
支出,美妆个护,,150.00,CNY,银行卡,,,娇韵诗定金,  2024-12-09 16:00:00  ,,
支出,美妆个护,,102.24,CNY,银行卡,,,溪木源洗面奶,  2024-12-09 16:00:00  ,,
支出,车品配件,,21.61,CNY,银行卡,,,孕妇安全带,  2024-12-09 16:00:00  ,,
支出,药品保健,,131.81,CNY,银行卡,,,爱乐维叶酸,  2024-12-09 16:00:00  ,,
支出,堂食外卖,,89.00,CNY,银行卡,,,盒马,  2024-12-08 16:00:00  ,,
支出,堂食外卖,,9.00,CNY,银行卡,,,早饭,  2024-12-08 16:00:00  ,,
支出,零食饮品,,25.80,CNY,银行卡,,,詹记,  2024-12-08 16:00:00  ,,
支出,奶茶甜品,,15.60,CNY,银行卡,,,库迪咖啡,  2024-12-08 16:00:00  ,,
支出,食材调料,,13.00,CNY,银行卡,,,淮南牛肉汤,  2024-12-07 16:00:00  ,,
支出,零食饮品,,9.00,CNY,银行卡,,,酸奶,  2024-12-07 16:00:00  ,,
支出,堂食外卖,,18.18,CNY,银行卡,,,来优品,  2024-12-07 16:00:00  ,,
支出,食材调料,,21.69,CNY,银行卡,,,买菜,  2024-12-06 16:00:00  ,,
支出,堂食外卖,,28.40,CNY,银行卡,,,塔斯丁,  2024-12-06 16:00:00  ,,
支出,母婴用品,,3.70,CNY,银行卡,,,孕妇标识贴,  2024-12-06 16:00:00  ,,
支出,食材调料,,26.50,CNY,银行卡,,,腰果,  2024-12-06 16:00:00  ,,
支出,食材调料,,22.90,CNY,银行卡,,,玉米汁,  2024-12-06 16:00:00  ,,
支出,问诊就医,,25.45,CNY,银行卡,,,一次性口罩,  2024-12-06 16:00:00  ,,
支出,母婴用品,,6.90,CNY,银行卡,,,胎心监测带,  2024-12-05 16:00:00  ,,
支出,日用百货,,22.58,CNY,银行卡,,,维达抽纸,  2024-12-05 16:00:00  ,,
支出,堂食外卖,,70.02,CNY,银行卡,,,联家超市,  2024-12-05 16:00:00  ,,
支出,食材调料,,59.90,CNY,银行卡,,,大米,  2024-12-05 16:00:00  ,,
支出,公交地铁,,10.00,CNY,银行卡,,,公交卡,  2024-12-05 16:00:00  ,,
支出,堂食外卖,,2.50,CNY,银行卡,,,烧饼,  2024-12-02 16:00:00  ,,
支出,堂食外卖,,51.60,CNY,银行卡,,,盒马,  2024-12-02 16:00:00  ,,
支出,公交地铁,,10.00,CNY,银行卡,,,公交卡,  2024-12-02 16:00:00  ,,
支出,房屋贷款,,2157.00,CNY,银行卡,,,房贷,  2024-12-02 16:00:00  ,,
支出,堂食外卖,,12.00,CNY,银行卡,,,早饭,  2024-12-01 16:00:00  ,,
支出,堂食外卖,,2.50,CNY,银行卡,,,烧饼,  2024-11-30 16:00:00  ,,
支出,食材调料,,1.77,CNY,银行卡,,,莴笋,  2024-11-30 16:00:00  ,,
支出,堂食外卖,,45.50,CNY,银行卡,,,,  2024-11-30 16:00:00  ,,
支出,堂食外卖,,13.92,CNY,银行卡,,,,  2024-11-30 16:00:00  ,,
支出,堂食外卖,,2.50,CNY,银行卡,,,烧饼,  2024-11-29 16:00:00  ,,
支出,堂食外卖,,13.00,CNY,银行卡,,,烤鸭,  2024-11-29 16:00:00  ,,
支出,食材调料,,4.00,CNY,银行卡,,,鸡蛋饼,  2024-11-29 16:00:00  ,,
支出,食材调料,,166.00,CNY,银行卡,,,盒马买菜,  2024-11-29 16:00:00  ,,
支出,食材调料,,7.20,CNY,银行卡,,,西红柿小青菜,  2024-11-28 16:00:00  ,,
支出,食材调料,,2.62,CNY,银行卡,,,面粉,  2024-11-28 16:00:00  ,,
支出,汽车贷款,,1917.00,CNY,银行卡,,,车贷,  2024-11-27 16:00:00  ,,
支出,食材调料,,3.00,CNY,银行卡,,,红薯,  2024-11-26 16:00:00  ,,
支出,堂食外卖,,5.00,CNY,银行卡,,,杂粮煎饼,  2024-11-26 16:00:00  ,,
支出,堂食外卖,,2.50,CNY,银行卡,,,烧饼,  2024-11-26 16:00:00  ,,
支出,食材调料,,14.00,CNY,银行卡,,,牛肉面,  2024-11-26 16:00:00  ,,
支出,公交地铁,,10.00,CNY,银行卡,,,公交卡,  2024-11-26 16:00:00  ,,
支出,堂食外卖,,21.80,CNY,银行卡,,,爱媛果冻橙,  2024-11-26 16:00:00  ,,
支出,药品保健,,26.10,CNY,银行卡,,,消炎药,  2024-11-26 16:00:00  ,,
支出,堂食外卖,,24.30,CNY,银行卡,,,牛约堡,  2024-11-25 16:00:00  ,,
支出,堂食外卖,,9.20,CNY,银行卡,,,粥,  2024-11-25 16:00:00  ,,
支出,零食饮品,,38.97,CNY,银行卡,,,欧亚纯牛奶,  2024-11-25 16:00:00  ,,
支出,药品保健,,35.90,CNY,银行卡,,,过敏药感冒药,  2024-11-25 16:00:00  ,,
支出,食材调料,,29.45,CNY,银行卡,,,火锅食材,  2024-11-23 16:00:00  ,,
支出,零食饮品,,4.90,CNY,银行卡,,,奇多,  2024-11-23 16:00:00  ,,
支出,零食饮品,,2.90,CNY,银行卡,,,小米锅巴,  2024-11-23 16:00:00  ,,
支出,零食饮品,,20.70,CNY,银行卡,,,粒上皇,  2024-11-23 16:00:00  ,,
支出,堂食外卖,,10.50,CNY,银行卡,,,早饭,  2024-11-22 16:00:00  ,,
支出,食材调料,,28.74,CNY,银行卡,,,买菜,  2024-11-22 16:00:00  ,,
支出,堂食外卖,,14.50,CNY,银行卡,,,肥叔锅贴,  2024-11-21 16:00:00  ,,
支出,家用电器,,106.10,CNY,银行卡,,,电热毯,  2024-11-21 16:00:00  ,,
支出,日用百货,,22.00,CNY,银行卡,,,镜子,  2024-11-21 16:00:00  ,,
支出,堂食外卖,,21.80,CNY,银行卡,,,爱媛果冻橙,  2024-11-21 16:00:00  ,,
支出,水电燃气,,100.00,CNY,银行卡,,,燃气,  2024-11-20 16:00:02  ,,
支出,水电燃气,,100.00,CNY,银行卡,,,充电桩,  2024-11-20 16:00:01  ,,
支出,公交地铁,,10.00,CNY,银行卡,,,公交卡,  2024-11-20 16:00:00  ,,
支出,零食饮品,,19.00,CNY,银行卡,,,詹记,  2024-11-20 16:00:00  ,,
支出,水电燃气,,200.00,CNY,银行卡,,,水费,  2024-11-20 16:00:00  ,,
支出,堂食外卖,,28.76,CNY,银行卡,,,,  2024-11-20 16:00:00  ,,
支出,服装鞋帽,,56.80,CNY,银行卡,,,加绒裤,  2024-11-18 16:00:00  ,,
支出,服装鞋帽,,59.00,CNY,银行卡,,,加绒裤,  2024-11-18 16:00:00  ,,
支出,服装鞋帽,,89.90,CNY,银行卡,,,加绒裤,  2024-11-18 16:00:00  ,,
支出,堂食外卖,,10.50,CNY,银行卡,,,早饭,  2024-11-17 16:00:00  ,,
支出,堂食外卖,,15.00,CNY,银行卡,,,沙县小吃,  2024-11-17 16:00:00  ,,
支出,食材调料,,15.78,CNY,银行卡,,,牛肉面,  2024-11-17 16:00:00  ,,
支出,堂食外卖,,105.60,CNY,银行卡,,,肯德基,  2024-11-17 16:00:00  ,,
支出,停车费用,,8.00,CNY,银行卡,,,停车费,  2024-11-17 16:00:00  ,,
支出,奶茶甜品,,35.50,CNY,银行卡,,,卡旺卡,  2024-11-17 16:00:00  ,,
支出,疫苗体检,,99.00,CNY,银行卡,,,B超,  2024-11-17 16:00:00  ,,
支出,食材调料,,20.93,CNY,银行卡,,,买菜,  2024-11-15 16:00:00  ,,
支出,食材调料,,13.80,CNY,银行卡,,,高筋面粉,  2024-11-15 16:00:00  ,,
支出,日用百货,,12.16,CNY,银行卡,,,不锈钢盆,  2024-11-15 16:00:00  ,,
支出,厨房用品,,5.18,CNY,银行卡,,,面包刀,  2024-11-15 16:00:00  ,,
支出,厨房用品,,13.30,CNY,银行卡,,,面包模具,  2024-11-15 16:00:00  ,,
支出,厨房用品,,5.79,CNY,银行卡,,,揉面垫,  2024-11-15 16:00:00  ,,
支出,厨房用品,,9.02,CNY,银行卡,,,硅胶烘焙三件套,  2024-11-15 16:00:00  ,,
支出,公交地铁,,10.00,CNY,银行卡,,,公交卡,  2024-11-15 16:00:00  ,,
支出,零食饮品,,40.90,CNY,银行卡,,,山姆海盐苏打饼干,  2024-11-15 16:00:00  ,,
支出,堂食外卖,,12.60,CNY,银行卡,,,外卖,  2024-11-14 16:00:00  ,,
支出,个护美妆,,51.80,CNY,银行卡,,,施华蔻洗发水,  2024-11-14 16:00:00  ,,
支出,家用电器,,179.24,CNY,银行卡,,,小熊烤箱,  2024-11-14 16:00:00  ,,
支出,堂食外卖,,13.78,CNY,银行卡,,,,  2024-11-14 16:00:00  ,,
支出,堂食外卖,,12.72,CNY,银行卡,,,外卖,  2024-11-13 16:00:00  ,,
支出,母婴用品,,13.28,CNY,银行卡,,,产检收纳册,  2024-11-13 16:00:00  ,,
支出,堂食外卖,,37.47,CNY,银行卡,,,,  2024-11-13 16:00:00  ,,
支出,堂食外卖,,11.30,CNY,银行卡,,,外卖,  2024-11-12 16:00:00  ,,
支出,医疗器械,,11.50,CNY,银行卡,,,验孕棒,  2024-11-12 16:00:00  ,,
支出,问诊就医,,20.00,CNY,银行卡,,,二院挂号费,  2024-11-12 16:00:00  ,,
支出,堂食外卖,,1.22,CNY,银行卡,,,外卖,  2024-11-11 16:00:00  ,,
支出,堂食外卖,,67.40,CNY,银行卡,,,盒马,  2024-11-11 16:00:00  ,,
支出,公交地铁,,10.00,CNY,银行卡,,,公交卡,  2024-11-11 16:00:00  ,,
支出,堂食外卖,,62.00,CNY,银行卡,,,炸鸡寿司,  2024-11-10 16:00:00  ,,
支出,堂食外卖,,470.00,CNY,银行卡,,,金寨人家,  2024-11-10 16:00:00  ,,
支出,孝敬长辈,,278.00,CNY,银行卡,,,衣服,  2024-11-10 16:00:00  ,,
支出,孝敬长辈,,220.00,CNY,银行卡,,,外套,  2024-11-10 16:00:00  ,,
支出,零食饮品,,6.50,CNY,银行卡,,,可乐,  2024-11-10 16:00:00  ,,
支出,堂食外卖,,25.77,CNY,银行卡,,,来优品,  2024-11-10 16:00:00  ,,
支出,食材调料,,11.80,CNY,银行卡,,,牛肉面,  2024-11-09 16:00:00  ,,
支出,堂食外卖,,17.18,CNY,银行卡,,,刘文祥麻辣烫,  2024-11-09 16:00:00  ,,
支出,问诊就医,,19.79,CNY,银行卡,,,,  2024-11-09 16:00:00  ,,
支出,堂食外卖,,8.06,CNY,银行卡,,,撒汤,  2024-11-08 16:00:00  ,,
支出,食材调料,,48.90,CNY,银行卡,,,意大利面酱,  2024-11-08 16:00:00  ,,
支出,堂食外卖,,9.40,CNY,银行卡,,,糯米,  2024-11-08 16:00:00  ,,
支出,食材调料,,23.80,CNY,银行卡,,,里脊肉,  2024-11-08 16:00:00  ,,
支出,食材调料,,15.40,CNY,银行卡,,,玉米粒,  2024-11-08 16:00:00  ,,
支出,堂食外卖,,6.80,CNY,银行卡,,,油条酥,  2024-11-08 16:00:00  ,,
支出,堂食外卖,,9.90,CNY,银行卡,,,肉松,  2024-11-08 16:00:00  ,,
支出,服装鞋帽,,39.90,CNY,银行卡,,,男士内裤,  2024-11-08 16:00:00  ,,
支出,日用百货,,2.96,CNY,银行卡,,,饭团包装纸,  2024-11-08 16:00:00  ,,
支出,服装鞋帽,,109.00,CNY,银行卡,,,女士加厚睡衣,  2024-11-07 16:00:00  ,,
支出,清洁用品,,20.40,CNY,银行卡,,,奥妙消毒液,  2024-11-06 16:00:00  ,,
支出,公交地铁,,10.00,CNY,银行卡,,,公交卡,  2024-11-06 16:00:00  ,,
支出,零食饮品,,111.00,CNY,银行卡,,,生日蛋糕,  2024-11-06 16:00:00  ,,
支出,个护美妆,,24.20,CNY,银行卡,,,身体乳,  2024-11-05 16:00:00  ,,
支出,食材调料,,55.92,CNY,银行卡,,,牛奶方便面,  2024-11-04 16:00:00  ,,
支出,人情礼金,,188.00,CNY,银行卡,,,足力健老人鞋,  2024-11-04 16:00:00  ,,
支出,个护美妆,,24.29,CNY,银行卡,,,舒肤佳沐浴露,  2024-11-04 16:00:00  ,,
支出,宝宝穿搭,,209.00,CNY,银行卡,,,糖豆鞋子,  2024-11-04 16:00:00  ,,
支出,手机数码,,11.80,CNY,银行卡,,,手机壳,  2024-11-04 16:00:00  ,,
支出,问诊就医,,21.47,CNY,银行卡,,,纱布棉签,  2024-11-04 16:00:00  ,,
支出,个护美妆,,3.00,CNY,银行卡,,,牙刷杯挂钩补差价费,  2024-11-03 16:00:00  ,,
支出,堂食外卖,,326.00,CNY,银行卡,,,曼奈肉桂厨房,  2024-11-02 16:00:00  ,,
支出,出行打车,,15.06,CNY,银行卡,,,打车,  2024-11-02 16:00:00  ,,
支出,奶茶甜品,,20.89,CNY,银行卡,,,库迪咖啡,  2024-11-02 16:00:00  ,,
支出,堂食外卖,,30.00,CNY,银行卡,,,小满熊快餐,  2024-11-01 16:00:00  ,,
支出,零食饮品,,117.00,CNY,银行卡,,,生日蛋糕,  2024-11-01 16:00:00  ,,
支出,日用百货,,12.90,CNY,银行卡,,,热水袋,  2024-11-01 16:00:00  ,,
支出,房屋贷款,,2228.00,CNY,银行卡,,,房贷,  2024-11-01 16:00:00  ,,
支出,堂食外卖,,12.53,CNY,银行卡,,,煲仔饭,  2024-10-31 16:00:00  ,,
支出,水电燃气,,50.00,CNY,银行卡,,,充电桩,  2024-10-31 16:00:00  ,,
支出,游戏娱乐,,5.00,CNY,银行卡,,,ps5国区转港区,  2024-10-31 16:00:00  ,,
支出,文娱活动,,450.00,CNY,银行卡,,,,  2024-10-31 16:00:00  ,,
支出,游戏娱乐,,65.00,CNY,银行卡,,,游戏配件,  2024-10-31 16:00:00  ,,
支出,食材调料,,25.82,CNY,银行卡,,,良品铺子腰果,  2024-10-30 16:00:00  ,,
支出,零食饮品,,24.90,CNY,银行卡,,,三只松鼠巴旦木,  2024-10-30 16:00:00  ,,
支出,零食饮品,,15.44,CNY,银行卡,,,百草味夏威夷果,  2024-10-30 16:00:00  ,,
支出,其他杂项,,100.00,CNY,银行卡,,,,  2024-10-29 16:00:00  ,,
支出,游戏娱乐,,2699.00,CNY,银行卡,,,ps5,  2024-10-29 16:00:00  ,,
支出,零食饮品,,19.90,CNY,银行卡,,,酸奶,  2024-10-28 16:00:00  ,,
支出,公交地铁,,10.00,CNY,银行卡,,,公交卡,  2024-10-28 16:00:00  ,,
支出,堂食外卖,,9.70,CNY,银行卡,,,三色豆,  2024-10-28 16:00:00  ,,
支出,堂食外卖,,16.80,CNY,银行卡,,,杨梅,  2024-10-28 16:00:00  ,,
支出,汽车贷款,,1917.00,CNY,银行卡,,,车贷,  2024-10-28 16:00:00  ,,
支出,清洁用品,,14.70,CNY,银行卡,,,木浆棉洗碗布,  2024-10-28 16:00:00  ,,
支出,堂食外卖,,11.33,CNY,银行卡,,,蜜瓜,  2024-10-28 16:00:00  ,,
支出,食材调料,,7.20,CNY,银行卡,,,火龙果,  2024-10-28 16:00:00  ,,
支出,堂食外卖,,5.90,CNY,银行卡,,,柿子,  2024-10-28 16:00:00  ,,
支出,信用分期,,831.02,CNY,银行卡,,,信用卡,  2024-10-28 16:00:00  ,,
支出,服装鞋帽,,258.02,CNY,银行卡,,,大衣,  2024-10-27 16:00:00  ,,
支出,零食饮品,,6.50,CNY,银行卡,,,雪碧,  2024-10-27 16:00:00  ,,
支出,堂食外卖,,24.85,CNY,银行卡,,,刘文祥麻辣烫,  2024-10-26 16:00:00  ,,
支出,堂食外卖,,5.00,CNY,银行卡,,,早饭,  2024-10-25 16:00:00  ,,
支出,堂食外卖,,25.00,CNY,银行卡,,,刘文祥麻辣烫,  2024-10-25 16:00:00  ,,
支出,零食饮品,,38.40,CNY,银行卡,,,卫龙魔芋爽,  2024-10-25 16:00:00  ,,
支出,堂食外卖,,103.20,CNY,银行卡,,,盒马,  2024-10-24 16:00:00  ,,
支出,服装鞋帽,,109.90,CNY,银行卡,,,男士加厚睡衣,  2024-10-24 16:00:00  ,,
支出,服装鞋帽,,119.54,CNY,银行卡,,,马丁靴,  2024-10-24 16:00:00  ,,
支出,服装鞋帽,,34.03,CNY,银行卡,,,打底衫,  2024-10-24 16:00:00  ,,
支出,厨房用品,,11.10,CNY,银行卡,,,保鲜碗,  2024-10-24 16:00:00  ,,
支出,其他杂项,,27.70,CNY,银行卡,,,跑腿,  2024-10-24 16:00:00  ,,
支出,零食饮品,,17.90,CNY,银行卡,,,李子园,  2024-10-24 16:00:00  ,,
支出,堂食外卖,,25.68,CNY,银行卡,,,麻辣烫,  2024-10-23 16:00:00  ,,
支出,清洁用品,,6.72,CNY,银行卡,,,懒人拖把,  2024-10-23 16:00:00  ,,
支出,日用百货,,123.42,CNY,银行卡,,,苏泊尔不锈钢蒸锅,  2024-10-23 16:00:00  ,,
支出,日用百货,,2.88,CNY,银行卡,,,手腕防水腕带,  2024-10-23 16:00:00  ,,
支出,公交地铁,,10.00,CNY,银行卡,,,公交卡,  2024-10-23 16:00:00  ,,
支出,车辆保险,,3950.00,CNY,银行卡,,,车险,  2024-10-23 16:00:00  ,,
支出,摄影写真,,10.00,CNY,银行卡,,,照片打印,  2024-10-22 16:00:00  ,,
支出,零食饮品,,24.52,CNY,银行卡,,,衢州鸭头,  2024-10-21 16:00:00  ,,
支出,堂食外卖,,111.40,CNY,银行卡,,,盒马,  2024-10-21 16:00:00  ,,
支出,堂食外卖,,2.98,CNY,银行卡,,,青椒,  2024-10-21 16:00:00  ,,
支出,服装鞋帽,,6.58,CNY,银行卡,,,中筒袜,  2024-10-21 16:00:00  ,,
支出,宝宝穿搭,,58.00,CNY,银行卡,,,鞋子,  2024-10-21 16:00:00  ,,
支出,堂食外卖,,11.80,CNY,银行卡,,,外卖,  2024-10-20 16:00:00  ,,
支出,堂食外卖,,24.50,CNY,银行卡,,,塔斯丁,  2024-10-20 16:00:00  ,,
支出,服装鞋帽,,23.90,CNY,银行卡,,,丝袜,  2024-10-20 16:00:00  ,,
支出,服装鞋帽,,27.26,CNY,银行卡,,,洗脸巾,  2024-10-20 16:00:00  ,,
支出,信用分期,,617.00,CNY,银行卡,,,京东白条,  2024-10-20 16:00:00  ,,
支出,堂食外卖,,25.00,CNY,银行卡,,,麻辣烫,  2024-10-19 16:00:00  ,,
支出,堂食外卖,,9.00,CNY,银行卡,,,炒面,  2024-10-19 16:00:00  ,,
支出,堂食外卖,,10.00,CNY,银行卡,,,大肉串,  2024-10-19 16:00:00  ,,
支出,公交地铁,,10.00,CNY,银行卡,,,公交卡,  2024-10-18 16:00:02  ,,
支出,食材调料,,10.00,CNY,银行卡,,,玉米,  2024-10-18 16:00:01  ,,
支出,堂食外卖,,68.42,CNY,银行卡,,,肯德基,  2024-10-18 16:00:00  ,,
支出,食材调料,,10.76,CNY,银行卡,,,买菜,  2024-10-18 16:00:00  ,,
支出,药品保健,,27.50,CNY,银行卡,,,中药到付费,  2024-10-18 16:00:00  ,,
支出,奶茶甜品,,19.80,CNY,银行卡,,,库迪咖啡,  2024-10-18 16:00:00  ,,
支出,堂食外卖,,32.40,CNY,银行卡,,,鱼煲,  2024-10-17 16:00:00  ,,
支出,食材调料,,57.35,CNY,银行卡,,,买菜,  2024-10-16 16:00:00  ,,
支出,堂食外卖,,20.90,CNY,银行卡,,,意面,  2024-10-16 16:00:00  ,,
支出,零食饮品,,9.90,CNY,银行卡,,,酸奶,  2024-10-16 16:00:00  ,,
支出,堂食外卖,,10.90,CNY,银行卡,,,,  2024-10-16 16:00:00  ,,
支出,公交地铁,,45.00,CNY,银行卡,,,中药代煎费,  2024-10-15 16:00:00  ,,
支出,出行打车,,7.90,CNY,银行卡,,,打车,  2024-10-15 16:00:00  ,,
支出,奶茶甜品,,51.00,CNY,银行卡,,,卡旺卡,  2024-10-15 16:00:00  ,,
支出,问诊就医,,28.00,CNY,银行卡,,,中医挂号费,  2024-10-15 16:00:00  ,,
支出,堂食外卖,,82.00,CNY,银行卡,,,披萨,  2024-10-14 16:00:00  ,,
支出,堂食外卖,,29.80,CNY,银行卡,,,胡小厨,  2024-10-14 16:00:00  ,,
支出,食材调料,,21.97,CNY,银行卡,,,买菜,  2024-10-14 16:00:00  ,,
支出,日用百货,,209.00,CNY,银行卡,,,泡脚桶,  2024-10-14 16:00:00  ,,
支出,个护美妆,,75.75,CNY,银行卡,,,若也洗发水,  2024-10-14 16:00:00  ,,
支出,美妆个护,,583.31,CNY,银行卡,,,YSL粉底液,  2024-10-14 16:00:00  ,,
支出,美妆个护,,415.39,CNY,银行卡,,,玫珂菲粉饼,  2024-10-14 16:00:00  ,,
支出,堂食外卖,,38.00,CNY,银行卡,,,肯德基,  2024-10-13 16:00:00  ,,
支出,公交地铁,,10.00,CNY,银行卡,,,公交卡充值,  2024-10-13 16:00:00  ,,
支出,堂食外卖,,13.75,CNY,银行卡,,,,  2024-10-12 16:00:00  ,,
支出,堂食外卖,,3.50,CNY,银行卡,,,早饭,  2024-10-11 16:00:00  ,,
支出,堂食外卖,,10.30,CNY,银行卡,,,干虾皮,  2024-10-11 16:00:00  ,,
支出,堂食外卖,,16.80,CNY,银行卡,,,紫菜,  2024-10-11 16:00:00  ,,
支出,堂食外卖,,9.75,CNY,银行卡,,,干香菇,  2024-10-11 16:00:00  ,,
支出,堂食外卖,,203.00,CNY,银行卡,,,躲躲食堂,  2024-10-11 16:00:00  ,,
支出,日用百货,,29.88,CNY,银行卡,,,椅套,  2024-10-11 16:00:00  ,,
支出,厨房用品,,11.80,CNY,银行卡,,,食品袋,  2024-10-11 16:00:00  ,,
支出,公交地铁,,5.00,CNY,银行卡,,,公交卡充值,  2024-10-11 16:00:00  ,,
支出,公交地铁,,8.90,CNY,银行卡,,,骑行卡,  2024-10-11 16:00:00  ,,
支出,零食饮品,,15.39,CNY,银行卡,,,卫龙魔芋爽,  2024-10-11 16:00:00  ,,
支出,堂食外卖,,10.27,CNY,银行卡,,,来优品,  2024-10-10 16:00:00  ,,
支出,零食饮品,,19.87,CNY,银行卡,,,巴莉甜甜,  2024-10-09 16:00:00  ,,
支出,堂食外卖,,15.00,CNY,银行卡,,,好乐鸡,  2024-10-09 16:00:00  ,,
支出,食材调料,,13.90,CNY,银行卡,,,桂圆,  2024-10-08 16:00:00  ,,
支出,日用百货,,88.20,CNY,银行卡,,,靠枕,  2024-10-08 16:00:00  ,,
支出,公交地铁,,10.00,CNY,银行卡,,,公交卡,  2024-10-08 16:00:00  ,,
支出,堂食外卖,,24.62,CNY,银行卡,,,来优品,  2024-10-08 16:00:00  ,,
支出,食材调料,,22.90,CNY,银行卡,,,玉米,  2024-10-07 16:00:00  ,,
支出,堂食外卖,,32.70,CNY,银行卡,,,汉堡王,  2024-10-07 16:00:00  ,,
支出,堂食外卖,,20.21,CNY,银行卡,,,半成品早餐,  2024-10-07 16:00:00  ,,
支出,零食饮品,,45.29,CNY,银行卡,,,老街口坚果,  2024-10-07 16:00:00  ,,
支出,食材调料,,36.00,CNY,银行卡,,,洽洽开心果,  2024-10-07 16:00:00  ,,
支出,日用百货,,32.10,CNY,银行卡,,,维达卷纸,  2024-10-07 16:00:00  ,,
支出,食材调料,,34.09,CNY,银行卡,,,火锅食材,  2024-10-06 16:00:00  ,,
支出,食材调料,,114.20,CNY,银行卡,,,火锅食材,  2024-10-05 16:00:00  ,,
支出,食材调料,,46.70,CNY,银行卡,,,饮料蔬菜,  2024-10-05 16:00:00  ,,
支出,堂食外卖,,14.69,CNY,银行卡,,,烤鸭,  2024-10-05 16:00:00  ,,
支出,堂食外卖,,59.00,CNY,银行卡,,,魏家凉皮,  2024-10-04 16:00:00  ,,
支出,公交地铁,,4.50,CNY,银行卡,,,骑行卡,  2024-10-04 16:00:00  ,,
支出,零食饮品,,3.00,CNY,银行卡,,,雪碧,  2024-10-04 16:00:00  ,,
支出,堂食外卖,,39.80,CNY,银行卡,,,德克士,  2024-10-03 16:00:00  ,,
支出,服装鞋帽,,120.00,CNY,银行卡,,,马面裙衬衫,  2024-10-03 16:00:00  ,,
支出,服装鞋帽,,8.90,CNY,银行卡,,,马面裙防走光内搭,  2024-10-03 16:00:00  ,,
支出,服装鞋帽,,8.84,CNY,银行卡,,,抹胸,  2024-10-03 16:00:00  ,,
支出,零食饮品,,3.00,CNY,银行卡,,,可乐,  2024-10-03 16:00:00  ,,
支出,堂食外卖,,10.00,CNY,银行卡,,,早饭,  2024-10-02 16:00:00  ,,
支出,堂食外卖,,31.06,CNY,银行卡,,,九田家,  2024-10-02 16:00:00  ,,
支出,旅行出游,,80.00,CNY,银行卡,,,园博园观光车,  2024-10-02 16:00:00  ,,
支出,堂食外卖,,5.50,CNY,银行卡,,,早饭,  2024-10-01 16:00:00  ,,
支出,堂食外卖,,118.52,CNY,银行卡,,,小熊电火锅,  2024-10-01 16:00:00  ,,
支出,日用百货,,59.50,CNY,银行卡,,,体重秤,  2024-10-01 16:00:00  ,,
支出,奶茶甜品,,19.00,CNY,银行卡,,,卡旺卡,  2024-10-01 16:00:00  ,,
支出,零食饮品,,4.50,CNY,银行卡,,,雪碧,  2024-10-01 16:00:00  ,,
支出,堂食外卖,,5.00,CNY,银行卡,,,茶,  2024-10-01 16:00:00  ,,
支出,堂食外卖,,71.16,CNY,银行卡,,,,  2024-10-01 16:00:00  ,,
支出,房屋贷款,,2228.00,CNY,银行卡,,,房贷,  2024-10-01 16:00:00  ,,
支出,堂食外卖,,11.21,CNY,银行卡,,,外卖,  2024-09-30 16:00:00  ,,
支出,堂食外卖,,64.00,CNY,银行卡,,,魏家凉皮,  2024-09-30 16:00:00  ,,
支出,零食饮品,,3.00,CNY,银行卡,,,可乐,  2024-09-30 16:00:00  ,,
支出,堂食外卖,,19.80,CNY,银行卡,,,,  2024-09-28 16:00:00  ,,
支出,奶茶甜品,,8.00,CNY,银行卡,,,冰棒,  2024-09-28 16:00:00  ,,
支出,堂食外卖,,237.00,CNY,银行卡,,,德庄火锅,  2024-09-27 16:00:00  ,,
支出,零食饮品,,58.66,CNY,银行卡,,,德亚牛奶,  2024-09-27 16:00:00  ,,
支出,公交地铁,,2.50,CNY,银行卡,,,骑行卡,  2024-09-27 16:00:00  ,,
支出,个护美妆,,52.06,CNY,银行卡,,,隐形眼镜,  2024-09-26 16:00:00  ,,
支出,公交地铁,,5.80,CNY,银行卡,,,骑行卡,  2024-09-26 16:00:00  ,,
支出,汽车贷款,,1917.00,CNY,银行卡,,,车贷,  2024-09-25 16:00:00  ,,
支出,堂食外卖,,7.00,CNY,银行卡,,,早饭,  2024-09-24 16:00:00  ,,
支出,堂食外卖,,36.00,CNY,银行卡,,,宵夜,  2024-09-24 16:00:00  ,,
支出,堂食外卖,,5.00,CNY,银行卡,,,早饭,  2024-09-23 16:00:00  ,,
支出,公交地铁,,5.50,CNY,银行卡,,,骑行卡,  2024-09-23 16:00:00  ,,
支出,堂食外卖,,24.07,CNY,银行卡,,,宵夜,  2024-09-22 16:00:00  ,,
支出,堂食外卖,,4.65,CNY,银行卡,,,早饭,  2024-09-20 16:00:00  ,,
支出,堂食外卖,,11.77,CNY,银行卡,,,馄饨,  2024-09-20 16:00:00  ,,
支出,食材调料,,22.54,CNY,银行卡,,,买菜,  2024-09-20 16:00:00  ,,
支出,堂食外卖,,45.20,CNY,银行卡,,,胡小厨,  2024-09-20 16:00:00  ,,
支出,信用分期,,511.28,CNY,银行卡,,,白条,  2024-09-20 16:00:00  ,,
支出,零食饮品,,20.90,CNY,银行卡,,,娃哈哈矿泉水,  2024-09-19 16:00:00  ,,
支出,水电燃气,,50.00,CNY,银行卡,,,充电桩电费,  2024-09-18 16:00:00  ,,
支出,零食饮品,,4.65,CNY,银行卡,,,饮料,  2024-09-17 16:00:00  ,,
支出,堂食外卖,,6.15,CNY,银行卡,,,早饭,  2024-09-15 16:00:00  ,,
支出,日用百货,,1853.00,CNY,银行卡,,,戒指,  2024-09-15 16:00:00  ,,
支出,出行打车,,15.10,CNY,银行卡,,,打车,  2024-09-15 16:00:00  ,,
支出,公交地铁,,6.60,CNY,银行卡,,,,  2024-09-15 16:00:00  ,,
支出,公交地铁,,16.57,CNY,银行卡,,,,  2024-09-15 16:00:00  ,,
支出,奶茶甜品,,25.50,CNY,银行卡,,,口口椰,  2024-09-15 16:00:00  ,,
支出,堂食外卖,,29.54,CNY,银行卡,,,冒菜,  2024-09-14 16:00:00  ,,
支出,零食饮品,,44.30,CNY,银行卡,,,娃哈哈AD钙奶,  2024-09-14 16:00:00  ,,
支出,食材调料,,23.90,CNY,银行卡,,,玉米,  2024-09-13 16:00:00  ,,
支出,公交地铁,,8.76,CNY,银行卡,,,骑行卡,  2024-09-13 16:00:00  ,,
支出,停车费用,,600.00,CNY,银行卡,,,半年车位费,  2024-09-13 16:00:00  ,,
支出,零食饮品,,96.90,CNY,银行卡,,,月饼,  2024-09-12 16:00:00  ,,
支出,零食饮品,,159.90,CNY,银行卡,,,纯牛奶,  2024-09-12 16:00:00  ,,
支出,堂食外卖,,35.23,CNY,银行卡,,,,  2024-09-12 16:00:00  ,,
支出,堂食外卖,,22.28,CNY,银行卡,,,冒菜,  2024-09-11 16:00:00  ,,
支出,堂食外卖,,59.70,CNY,银行卡,,,盒马,  2024-09-10 16:00:00  ,,
支出,堂食外卖,,25.10,CNY,银行卡,,,炸鸡,  2024-09-09 16:00:00  ,,
支出,堂食外卖,,27.60,CNY,银行卡,,,塔斯丁,  2024-09-08 16:00:00  ,,
支出,美容护肤,,300.00,CNY,银行卡,,,理发充卡,  2024-09-08 16:00:00  ,,
支出,食材调料,,39.40,CNY,银行卡,,,蔬菜,  2024-09-07 16:00:00  ,,
支出,日用百货,,99.00,CNY,银行卡,,,京东一年会员,  2024-09-07 16:00:00  ,,
支出,药品保健,,138.00,CNY,银行卡,,,男士叶酸,  2024-09-07 16:00:00  ,,
支出,日用百货,,10.00,CNY,银行卡,,,公益,  2024-09-06 16:00:00  ,,
支出,公交地铁,,4.47,CNY,银行卡,,,骑行卡,  2024-09-06 16:00:00  ,,
支出,零食饮品,,43.99,CNY,银行卡,,,纯牛奶,  2024-09-06 16:00:00  ,,
支出,堂食外卖,,20.00,CNY,银行卡,,,,  2024-09-05 16:00:00  ,,
支出,药品保健,,415.00,CNY,银行卡,,,女士叶酸,  2024-09-04 16:00:00  ,,
支出,堂食外卖,,25.00,CNY,银行卡,,,,  2024-09-03 16:00:00  ,,
支出,堂食外卖,,42.90,CNY,银行卡,,,麦当劳,  2024-09-03 16:00:00  ,,
支出,服装鞋帽,,97.50,CNY,银行卡,,,大哥外套,  2024-09-03 16:00:00  ,,
支出,服装鞋帽,,116.00,CNY,银行卡,,,大哥外套,  2024-09-03 16:00:00  ,,
支出,其他杂项,,100.00,CNY,银行卡,,,,  2024-09-03 16:00:00  ,,
支出,零食饮品,,39.50,CNY,银行卡,,,詹记,  2024-09-03 16:00:00  ,,
支出,堂食外卖,,15.96,CNY,银行卡,,,好乐鸡,  2024-09-02 16:00:00  ,,
支出,服装鞋帽,,30.90,CNY,银行卡,,,大哥内裤,  2024-09-02 16:00:00  ,,
支出,日用百货,,24.59,CNY,银行卡,,,维达抽纸,  2024-09-02 16:00:00  ,,
支出,食材调料,,4.59,CNY,银行卡,,,红糖,  2024-09-02 16:00:00  ,,
支出,车品配件,,12.13,CNY,银行卡,,,洗车拖把,  2024-09-02 16:00:00  ,,
支出,堂食外卖,,32.91,CNY,银行卡,,,,  2024-09-02 16:00:00  ,,
支出,服装鞋帽,,70.00,CNY,银行卡,,,大哥牛仔裤,  2024-09-01 16:00:00  ,,
支出,房屋贷款,,2228.00,CNY,银行卡,,,房贷,  2024-09-01 16:00:00  ,,
支出,奶茶甜品,,18.70,CNY,银行卡,,,口口椰,  2024-08-31 16:00:00  ,,
支出,零食饮品,,61.95,CNY,银行卡,,,牛奶水果,  2024-08-30 16:00:00  ,,
支出,食材调料,,11.99,CNY,银行卡,,,方便面,  2024-08-29 16:00:00  ,,
支出,食材调料,,22.90,CNY,银行卡,,,玉米,  2024-08-28 16:00:00  ,,
支出,汽车贷款,,1917.00,CNY,银行卡,,,车贷,  2024-08-27 16:00:00  ,,
支出,宝宝穿搭,,57.23,CNY,银行卡,,,糖豆衣服,  2024-08-26 16:00:00  ,,
支出,水电燃气,,98.40,CNY,银行卡,,,水费,  2024-08-26 16:00:00  ,,
支出,堂食外卖,,19.00,CNY,银行卡,,,卤菜,  2024-08-25 16:00:00  ,,
支出,堂食外卖,,29.00,CNY,银行卡,,,,  2024-08-25 16:00:00  ,,
支出,出行打车,,13.98,CNY,银行卡,,,打车,  2024-08-25 16:00:00  ,,
支出,堂食外卖,,75.60,CNY,银行卡,,,盒马,  2024-08-24 16:00:00  ,,
支出,宝宝穿搭,,132.15,CNY,银行卡,,,糖豆衣服,  2024-08-23 16:00:00  ,,
支出,堂食外卖,,5.00,CNY,银行卡,,,杂粮煎饼,  2024-08-22 16:00:00  ,,
支出,游戏娱乐,,268.00,CNY,银行卡,,,黑神话悟空,  2024-08-22 16:00:00  ,,
支出,堂食外卖,,58.78,CNY,银行卡,,,,  2024-08-21 16:00:00  ,,
支出,信用分期,,553.00,CNY,银行卡,,,京东白条,  2024-08-21 16:00:00  ,,
支出,堂食外卖,,34.50,CNY,银行卡,,,德克士,  2024-08-20 16:00:00  ,,
支出,公交地铁,,59.90,CNY,银行卡,,,公交卡,  2024-08-20 16:00:00  ,,
支出,零食饮品,,41.26,CNY,银行卡,,,纯牛奶,  2024-08-20 16:00:00  ,,
支出,零食饮品,,15.60,CNY,银行卡,,,粒上皇,  2024-08-20 16:00:00  ,,
支出,手机数码,,11.99,CNY,银行卡,,,钢化膜,  2024-08-20 16:00:00  ,,
支出,个护美妆,,79.90,CNY,银行卡,,,舒适达牙膏,  2024-08-19 16:00:00  ,,
支出,堂食外卖,,35.40,CNY,银行卡,,,,  2024-08-18 16:00:00  ,,
支出,堂食外卖,,12.00,CNY,银行卡,,,早饭,  2024-08-18 16:00:00  ,,
支出,堂食外卖,,191.00,CNY,银行卡,,,蛙小侠,  2024-08-18 16:00:00  ,,
支出,出行打车,,8.90,CNY,银行卡,,,打车,  2024-08-18 16:00:00  ,,
支出,出行打车,,20.00,CNY,银行卡,,,打车,  2024-08-18 16:00:00  ,,
支出,堂食外卖,,33.00,CNY,银行卡,,,武空,  2024-08-18 16:00:00  ,,
支出,奶茶甜品,,9.90,CNY,银行卡,,,库迪咖啡,  2024-08-18 16:00:00  ,,
支出,奶茶甜品,,25.90,CNY,银行卡,,,口口椰,  2024-08-18 16:00:00  ,,
支出,零食饮品,,38.40,CNY,银行卡,,,飘香心语,  2024-08-18 16:00:00  ,,
支出,医疗器械,,92.55,CNY,银行卡,,,鱼跃血压计,  2024-08-18 16:00:00  ,,
支出,出行打车,,15.80,CNY,银行卡,,,打车,  2024-08-17 16:00:00  ,,
支出,奶茶甜品,,26.00,CNY,银行卡,,,coco,  2024-08-17 16:00:00  ,,
支出,堂食外卖,,10.00,CNY,银行卡,,,早饭,  2024-08-16 16:00:00  ,,
支出,食材调料,,13.40,CNY,银行卡,,,幸运方便面,  2024-08-15 16:00:00  ,,
支出,食材调料,,14.94,CNY,银行卡,,,大米饼,  2024-08-15 16:00:00  ,,
支出,零食饮品,,15.30,CNY,银行卡,,,土豆片,  2024-08-15 16:00:00  ,,
支出,零食饮品,,16.70,CNY,银行卡,,,卫龙葱香饼干,  2024-08-15 16:00:00  ,,
支出,美妆个护,,18.90,CNY,银行卡,,,艾贝拉睫毛夹,  2024-08-14 16:00:00  ,,
支出,公交地铁,,15.30,CNY,银行卡,,,骑行卡,  2024-08-13 16:00:00  ,,
支出,堂食外卖,,45.89,CNY,银行卡,,,馋嘴侠,  2024-08-13 16:00:00  ,,
支出,问诊就医,,6.46,CNY,银行卡,,,棉签,  2024-08-13 16:00:00  ,,
支出,食材调料,,24.90,CNY,银行卡,,,玉米,  2024-08-12 16:00:00  ,,
支出,堂食外卖,,20.00,CNY,银行卡,,,水,  2024-08-12 16:00:00  ,,
支出,零食饮品,,16.00,CNY,银行卡,,,面包,  2024-08-12 16:00:00  ,,
支出,堂食外卖,,53.29,CNY,银行卡,,,,  2024-08-12 16:00:00  ,,
支出,堂食外卖,,65.80,CNY,银行卡,,,蛙小二,  2024-08-11 16:00:00  ,,
支出,堂食外卖,,24.10,CNY,银行卡,,,宵夜,  2024-08-10 16:00:00  ,,
支出,堂食外卖,,50.00,CNY,银行卡,,,,  2024-08-09 16:00:00  ,,
支出,堂食外卖,,105.49,CNY,银行卡,,,盒马,  2024-08-07 16:00:00  ,,
支出,零食饮品,,26.99,CNY,银行卡,,,娃哈哈矿泉水,  2024-08-07 16:00:00  ,,
支出,食材调料,,21.80,CNY,银行卡,,,核桃包,  2024-08-06 16:00:00  ,,
支出,堂食外卖,,27.80,CNY,银行卡,,,糍粑油条,  2024-08-06 16:00:00  ,,
支出,堂食外卖,,120.00,CNY,银行卡,,,,  2024-08-06 16:00:00  ,,
支出,服装鞋帽,,69.60,CNY,银行卡,,,内裤,  2024-08-06 16:00:00  ,,
支出,服装鞋帽,,48.90,CNY,银行卡,,,内裤,  2024-08-06 16:00:00  ,,
支出,孝敬长辈,,139.00,CNY,银行卡,,,飞科剃须刀,  2024-08-05 16:00:00  ,,
支出,零食饮品,,5.00,CNY,银行卡,,,饮料,  2024-08-05 16:00:00  ,,
支出,堂食外卖,,33.50,CNY,银行卡,,,德克士,  2024-08-03 16:00:00  ,,
支出,日用百货,,23.50,CNY,银行卡,,,蟑螂药＋防漏贴,  2024-08-03 16:00:00  ,,
支出,堂食外卖,,13.46,CNY,银行卡,,,煲仔饭,  2024-08-01 16:00:00  ,,
支出,房屋贷款,,2228.00,CNY,银行卡,,,房贷,  2024-08-01 16:00:00  ,,
支出,食材调料,,48.00,CNY,银行卡,,,鸡胸肉,  2024-07-31 16:00:00  ,,
支出,零食饮品,,30.99,CNY,银行卡,,,豆奶,  2024-07-28 16:00:00  ,,
支出,汽车贷款,,1917.00,CNY,银行卡,,,车贷,  2024-07-28 16:00:00  ,,
支出,问诊就医,,10.00,CNY,银行卡,,,修复科挂号,  2024-07-27 16:00:02  ,,
支出,问诊就医,,10.00,CNY,银行卡,,,口腔医院挂号费,  2024-07-27 16:00:01  ,,
支出,食材调料,,15.80,CNY,银行卡,,,卤味买菜,  2024-07-27 16:00:00  ,,
支出,日用百货,,65.00,CNY,银行卡,,,鲜花,  2024-07-27 16:00:00  ,,
支出,公交地铁,,50.00,CNY,银行卡,,,公交卡,  2024-07-27 16:00:00  ,,
支出,人情礼金,,800.00,CNY,银行卡,,,,  2024-07-27 16:00:00  ,,
支出,疫苗体检,,60.00,CNY,银行卡,,,牙齿拍CT,  2024-07-27 16:00:00  ,,
支出,堂食外卖,,17.00,CNY,银行卡,,,卤味,  2024-07-26 16:00:00  ,,
支出,零食饮品,,161.00,CNY,银行卡,,,幸福西饼蛋糕,  2024-07-26 16:00:00  ,,
支出,堂食外卖,,20.14,CNY,银行卡,,,来优品,  2024-07-26 16:00:00  ,,
支出,美妆个护,,360.00,CNY,银行卡,,,毛戈平鱼子酱气垫,  2024-07-26 16:00:00  ,,
支出,食材调料,,7.00,CNY,银行卡,,,西瓜,  2024-07-26 16:00:00  ,,
支出,堂食外卖,,35.80,CNY,银行卡,,,德克士,  2024-07-25 16:00:00  ,,
支出,食材调料,,24.90,CNY,银行卡,,,玉米,  2024-07-23 16:00:00  ,,
支出,零食饮品,,28.00,CNY,银行卡,,,鸭脖,  2024-07-22 16:00:00  ,,
支出,堂食外卖,,12.00,CNY,银行卡,,,擀面皮,  2024-07-22 16:00:00  ,,
支出,堂食外卖,,46.30,CNY,银行卡,,,德克士,  2024-07-22 16:00:00  ,,
支出,车品配件,,25.00,CNY,银行卡,,,方向盘套,  2024-07-22 16:00:00  ,,
支出,堂食外卖,,56.44,CNY,银行卡,,,胡小厨,  2024-07-21 16:00:00  ,,
支出,食材调料,,17.98,CNY,银行卡,,,鸡蛋,  2024-07-21 16:00:00  ,,
支出,食材调料,,9.90,CNY,银行卡,,,沙拉酱,  2024-07-21 16:00:00  ,,
支出,奶茶甜品,,10.60,CNY,银行卡,,,蜜雪冰城,  2024-07-21 16:00:00  ,,
支出,食材调料,,12.80,CNY,银行卡,,,大米饼,  2024-07-21 16:00:00  ,,
支出,零食饮品,,37.75,CNY,银行卡,,,饼干，土豆片,  2024-07-21 16:00:00  ,,
支出,洗车保养,,25.90,CNY,银行卡,,,洗车,  2024-07-21 16:00:00  ,,
支出,水电燃气,,100.00,CNY,银行卡,,,充电桩电费,  2024-07-21 16:00:00  ,,
支出,车品配件,,2.00,CNY,银行卡,,,手机号静电贴,  2024-07-21 16:00:00  ,,
支出,堂食外卖,,50.24,CNY,银行卡,,,,  2024-07-21 16:00:00  ,,
支出,日用百货,,5.90,CNY,银行卡,,,挡风帘,  2024-07-21 16:00:00  ,,
支出,堂食外卖,,69.60,CNY,银行卡,,,盒马,  2024-07-19 16:00:00  ,,
支出,信用分期,,553.00,CNY,银行卡,,,京东白条,  2024-07-19 16:00:00  ,,
支出,食材调料,,2.00,CNY,银行卡,,,面条,  2024-07-18 16:00:00  ,,
支出,堂食外卖,,32.00,CNY,银行卡,,,酸菜鱼,  2024-07-18 16:00:00  ,,
支出,食材调料,,12.95,CNY,银行卡,,,买菜,  2024-07-18 16:00:00  ,,
支出,堂食外卖,,48.85,CNY,银行卡,,,馋嘴侠,  2024-07-18 16:00:00  ,,
支出,堂食外卖,,58.10,CNY,银行卡,,,,  2024-07-17 16:00:00  ,,
支出,堂食外卖,,53.43,CNY,银行卡,,,,  2024-07-15 16:00:00  ,,
支出,零食饮品,,36.00,CNY,银行卡,,,汇源果汁,  2024-07-15 16:00:00  ,,
支出,堂食外卖,,188.00,CNY,银行卡,,,不止三把火火锅,  2024-07-13 16:00:00  ,,
支出,奶茶甜品,,28.90,CNY,银行卡,,,coco,  2024-07-13 16:00:00  ,,
支出,堂食外卖,,30.00,CNY,银行卡,,,华莱士,  2024-07-12 16:00:00  ,,
支出,堂食外卖,,18.49,CNY,银行卡,,,,  2024-07-11 16:00:00  ,,
支出,堂食外卖,,23.65,CNY,银行卡,,,,  2024-07-11 16:00:00  ,,
支出,堂食外卖,,49.90,CNY,银行卡,,,肯德基,  2024-07-09 16:00:00  ,,
支出,堂食外卖,,28.30,CNY,银行卡,,,肯德基,  2024-07-08 16:00:00  ,,
支出,日用百货,,6.84,CNY,银行卡,,,针线盒,  2024-07-08 16:00:00  ,,
支出,堂食外卖,,11.00,CNY,银行卡,,,早饭,  2024-07-07 16:00:00  ,,
支出,堂食外卖,,30.60,CNY,银行卡,,,,  2024-07-07 16:00:00  ,,
支出,堂食外卖,,97.90,CNY,银行卡,,,盒马,  2024-07-06 16:00:00  ,,
支出,堂食外卖,,17.80,CNY,银行卡,,,,  2024-07-06 16:00:00  ,,
支出,堂食外卖,,29.70,CNY,银行卡,,,蓝塔,  2024-07-06 16:00:00  ,,
支出,车品配件,,796.21,CNY,银行卡,,,车膜,  2024-07-04 16:00:00  ,,
支出,堂食外卖,,7.29,CNY,银行卡,,,撒汤,  2024-07-03 16:00:00  ,,
支出,堂食外卖,,46.87,CNY,银行卡,,,,  2024-07-02 16:00:00  ,,
支出,母婴用品,,590.00,CNY,银行卡,,,斑马思维机,  2024-07-02 16:00:00  ,,
支出,房屋贷款,,2228.00,CNY,银行卡,,,房贷,  2024-07-02 16:00:00  ,,
支出,公交地铁,,10.00,CNY,银行卡,,,,  2024-07-01 16:00:00  ,,
支出,手机数码,,200.00,CNY,银行卡,,,手机屏,  2024-07-01 16:00:00  ,,
支出,堂食外卖,,390.00,CNY,银行卡,,,,  2024-06-30 16:00:00  ,,
支出,堂食外卖,,47.00,CNY,银行卡,,,肯德基,  2024-06-30 16:00:00  ,,
支出,堂食外卖,,16.05,CNY,银行卡,,,,  2024-06-29 16:00:00  ,,
支出,堂食外卖,,38.15,CNY,银行卡,,,,  2024-06-29 16:00:00  ,,
支出,公交地铁,,4.10,CNY,银行卡,,,骑行卡,  2024-06-27 16:00:00  ,,
支出,汽车贷款,,1917.00,CNY,银行卡,,,车贷,  2024-06-27 16:00:00  ,,
支出,零食饮品,,21.42,CNY,银行卡,,,每益添乳酸菌,  2024-06-26 16:00:00  ,,
支出,堂食外卖,,30.60,CNY,银行卡,,,煲仔饭,  2024-06-23 16:00:00  ,,
支出,日用百货,,4.50,CNY,银行卡,,,花瓶,  2024-06-23 16:00:00  ,,
支出,食材调料,,37.26,CNY,银行卡,,,买菜,  2024-06-21 16:00:00  ,,
支出,堂食外卖,,55.66,CNY,银行卡,,,,  2024-06-21 16:00:00  ,,
支出,堂食外卖,,46.50,CNY,银行卡,,,德克士,  2024-06-20 16:00:00  ,,
支出,食材调料,,31.00,CNY,银行卡,,,丘比沙拉酱,  2024-06-19 16:00:00  ,,
支出,日用百货,,7.98,CNY,银行卡,,,浴球,  2024-06-19 16:00:00  ,,
支出,信用分期,,553.00,CNY,银行卡,,,京东白条,  2024-06-19 16:00:00  ,,
支出,堂食外卖,,24.00,CNY,银行卡,,,饼,  2024-06-18 16:00:00  ,,
支出,堂食外卖,,40.00,CNY,银行卡,,,,  2024-06-16 16:00:00  ,,
支出,美妆个护,,1190.00,CNY,银行卡,,,雅诗兰黛小棕瓶+娇韵诗双萃精华+大宝防晒,  2024-06-16 16:00:00  ,,
支出,母婴用品,,69.96,CNY,银行卡,,,玩偶花束,  2024-06-16 16:00:00  ,,
支出,食材调料,,24.90,CNY,银行卡,,,玉米,  2024-06-14 16:00:00  ,,
支出,清洁用品,,48.50,CNY,银行卡,,,立白内衣洗衣液,  2024-06-14 16:00:00  ,,
支出,清洁用品,,77.00,CNY,银行卡,,,活力28洗衣液,  2024-06-14 16:00:00  ,,
支出,零食饮品,,21.42,CNY,银行卡,,,每益添乳酸菌饮料,  2024-06-14 16:00:00  ,,
支出,零食饮品,,7.00,CNY,银行卡,,,雪碧,  2024-06-14 16:00:00  ,,
支出,堂食外卖,,32.70,CNY,银行卡,,,,  2024-06-14 16:00:00  ,,
支出,服装鞋帽,,57.90,CNY,银行卡,,,凉鞋,  2024-06-13 16:00:00  ,,
支出,孝敬长辈,,148.00,CNY,银行卡,,,飞科剃须刀,  2024-06-13 16:00:00  ,,
支出,孝敬长辈,,117.51,CNY,银行卡,,,鞋子,  2024-06-13 16:00:00  ,,
支出,电脑配件,,86.78,CNY,银行卡,,,机箱,  2024-06-13 16:00:00  ,,
支出,服装鞋帽,,81.00,CNY,银行卡,,,网鞋,  2024-06-12 16:00:00  ,,
支出,孝敬长辈,,73.90,CNY,银行卡,,,凉鞋,  2024-06-12 16:00:00  ,,
支出,食材调料,,880.00,CNY,银行卡,,,酒,  2024-06-09 16:00:00  ,,
支出,食材调料,,88.56,CNY,银行卡,,,蔬菜,  2024-06-08 16:00:00  ,,
支出,零食饮品,,35.00,CNY,银行卡,,,AD钙奶,  2024-06-08 16:00:00  ,,
支出,服装鞋帽,,233.00,CNY,银行卡,,,欧普嘉卷发棒,  2024-06-08 16:00:00  ,,
支出,服装鞋帽,,144.00,CNY,银行卡,,,,  2024-06-07 16:00:00  ,,
支出,食材调料,,30.00,CNY,银行卡,,,牛肉面,  2024-06-06 16:00:00  ,,
支出,堂食外卖,,368.00,CNY,银行卡,,,,  2024-06-06 16:00:00  ,,
支出,食材调料,,4.70,CNY,银行卡,,,卤料包,  2024-06-05 16:00:00  ,,
支出,日用百货,,16.96,CNY,银行卡,,,遮阳帽,  2024-06-05 16:00:00  ,,
支出,堂食外卖,,34.30,CNY,银行卡,,,,  2024-06-05 16:00:00  ,,
支出,零食饮品,,41.98,CNY,银行卡,,,纯牛奶,  2024-06-04 16:00:00  ,,
支出,堂食外卖,,41.40,CNY,银行卡,,,德克士,  2024-06-03 16:00:00  ,,
支出,其他杂项,,100.00,CNY,银行卡,,,,  2024-06-03 16:00:00  ,,
支出,奶茶甜品,,79.31,CNY,银行卡,,,雪糕,  2024-06-03 16:00:00  ,,
支出,堂食外卖,,8.00,CNY,银行卡,,,早点,  2024-06-02 16:00:00  ,,
支出,食材调料,,84.58,CNY,银行卡,,,蔬菜水果,  2024-06-02 16:00:00  ,,
支出,问诊就医,,213.54,CNY,银行卡,,,,  2024-06-01 16:00:00  ,,
支出,房屋贷款,,2228.00,CNY,银行卡,,,房贷,  2024-06-01 16:00:00  ,,
支出,堂食外卖,,143.00,CNY,银行卡,,,蛙蛙,  2024-05-31 16:00:00  ,,
支出,堂食外卖,,35.80,CNY,银行卡,,,肯德基,  2024-05-30 16:00:00  ,,
支出,堂食外卖,,13.80,CNY,银行卡,,,早点,  2024-05-29 16:00:00  ,,
支出,个护美妆,,21.81,CNY,银行卡,,,洗脸巾,  2024-05-27 16:00:00  ,,
支出,水电燃气,,49.20,CNY,银行卡,,,水费,  2024-05-26 16:00:00  ,,
支出,食材调料,,23.58,CNY,银行卡,,,蔬菜,  2024-05-25 16:00:00  ,,
支出,汽车贷款,,1917.00,CNY,银行卡,,,车贷,  2024-05-25 16:00:00  ,,
支出,人情礼金,,500.00,CNY,银行卡,,,,  2024-05-25 16:00:00  ,,
支出,零食饮品,,61.50,CNY,银行卡,,,詹记,  2024-05-24 16:00:00  ,,
支出,堂食外卖,,39.40,CNY,银行卡,,,德克士,  2024-05-24 16:00:00  ,,
支出,美妆个护,,396.00,CNY,银行卡,,,珀莱雅双抗面膜,  2024-05-23 16:00:00  ,,
支出,服装鞋帽,,70.90,CNY,银行卡,,,帆布鞋,  2024-05-22 16:00:00  ,,
支出,个护美妆,,35.54,CNY,银行卡,,,磨砂膏,  2024-05-22 16:00:00  ,,
支出,美妆个护,,59.00,CNY,银行卡,,,定妆喷雾,  2024-05-22 16:00:00  ,,
支出,服装鞋帽,,48.90,CNY,银行卡,,,大哥睡衣,  2024-05-21 16:00:00  ,,
支出,厨房用品,,15.90,CNY,银行卡,,,硅胶冰格,  2024-05-21 16:00:00  ,,
支出,零食饮品,,37.90,CNY,银行卡,,,菲诺椰奶,  2024-05-21 16:00:00  ,,
支出,药品保健,,24.40,CNY,银行卡,,,达喜,  2024-05-21 16:00:00  ,,
支出,信用分期,,552.46,CNY,银行卡,,,京东白条,  2024-05-21 16:00:00  ,,
支出,日用百货,,4.99,CNY,银行卡,,,剪刀,  2024-05-21 16:00:00  ,,
支出,堂食外卖,,46.40,CNY,银行卡,,,德克士,  2024-05-20 16:00:00  ,,
支出,服装鞋帽,,19.98,CNY,银行卡,,,针织T恤,  2024-05-20 16:00:00  ,,
支出,服装鞋帽,,30.92,CNY,银行卡,,,西装短裙,  2024-05-20 16:00:00  ,,
支出,服装鞋帽,,8.90,CNY,银行卡,,,大哥船袜,  2024-05-20 16:00:00  ,,
支出,个护美妆,,102.22,CNY,银行卡,,,欧莱雅洗发水,  2024-05-20 16:00:00  ,,
支出,日用百货,,13.50,CNY,银行卡,,,坐垫,  2024-05-20 16:00:00  ,,
支出,公交地铁,,2.01,CNY,银行卡,,,骑行卡,  2024-05-20 16:00:00  ,,
支出,零食饮品,,41.52,CNY,银行卡,,,啤酒,  2024-05-19 16:00:00  ,,
支出,堂食外卖,,34.49,CNY,银行卡,,,酸菜鱼,  2024-05-19 16:00:00  ,,
支出,公交地铁,,19.36,CNY,银行卡,,,,  2024-05-19 16:00:00  ,,
支出,日用百货,,18.80,CNY,银行卡,,,凉鞋,  2024-05-18 16:00:00  ,,
支出,其他花费,,289.20,CNY,银行卡,,,,  2024-05-18 16:00:00  ,,
支出,食材调料,,24.90,CNY,银行卡,,,玉米,  2024-05-17 16:00:00  ,,
支出,堂食外卖,,38.67,CNY,银行卡,,,,  2024-05-17 16:00:00  ,,
支出,其他花费,,39.00,CNY,银行卡,,,,  2024-05-16 16:00:00  ,,
支出,奶茶甜品,,20.70,CNY,银行卡,,,卡旺卡,  2024-05-16 16:00:00  ,,
支出,堂食外卖,,34.90,CNY,银行卡,,,,  2024-05-16 16:00:00  ,,
支出,堂食外卖,,50.50,CNY,银行卡,,,胡小厨,  2024-05-15 16:00:00  ,,
支出,电脑配件,,27.03,CNY,银行卡,,,内存卡,  2024-05-15 16:00:00  ,,
支出,堂食外卖,,95.40,CNY,银行卡,,,德克士,  2024-05-14 16:00:00  ,,
支出,堂食外卖,,127.00,CNY,银行卡,,,重庆小吃,  2024-05-14 16:00:00  ,,
支出,日用百货,,119.08,CNY,银行卡,,,下关茶,  2024-05-14 16:00:00  ,,
支出,公交地铁,,15.18,CNY,银行卡,,,,  2024-05-14 16:00:00  ,,
支出,零食饮品,,30.00,CNY,银行卡,,,牛奶,  2024-05-14 16:00:00  ,,
支出,零食饮品,,26.77,CNY,银行卡,,,鲜花饼,  2024-05-14 16:00:00  ,,
支出,堂食外卖,,98.00,CNY,银行卡,,,小桥流水,  2024-05-13 16:00:00  ,,
支出,堂食外卖,,35.50,CNY,银行卡,,,外卖,  2024-05-13 16:00:00  ,,
支出,旅行出游,,350.00,CNY,银行卡,,,包车,  2024-05-13 16:00:00  ,,
支出,奶茶甜品,,13.00,CNY,银行卡,,,蜜雪冰城,  2024-05-13 16:00:00  ,,
支出,文娱活动,,180.00,CNY,银行卡,,,骑马,  2024-05-13 16:00:00  ,,
支出,母婴用品,,40.00,CNY,银行卡,,,扎染玩偶,  2024-05-13 16:00:00  ,,
支出,堂食外卖,,168.00,CNY,银行卡,,,桃红小馆,  2024-05-12 16:00:00  ,,
支出,日用百货,,80.00,CNY,银行卡,,,沐王府,  2024-05-12 16:00:00  ,,
支出,公交地铁,,4.00,CNY,银行卡,,,,  2024-05-12 16:00:00  ,,
支出,公交地铁,,20.00,CNY,银行卡,,,,  2024-05-12 16:00:00  ,,
收入,杂项退款,,160.00,CNY,银行卡,,,意外险,  2024-05-12 16:00:00  ,,
支出,堂食外卖,,52.30,CNY,银行卡,,,德克士,  2024-05-11 16:00:00  ,,
支出,堂食外卖,,34.76,CNY,银行卡,,,晚饭,  2024-05-11 16:00:00  ,,
支出,文娱活动,,120.00,CNY,银行卡,,,精修图照片,  2024-05-11 16:00:00  ,,
支出,文娱活动,,556.00,CNY,银行卡,,,民族情侣写真集,  2024-05-11 16:00:00  ,,
支出,奶茶甜品,,116.00,CNY,银行卡,,,咖啡,  2024-05-11 16:00:00  ,,
支出,食材调料,,13.62,CNY,银行卡,,,方便面,  2024-05-11 16:00:00  ,,
支出,堂食外卖,,166.00,CNY,银行卡,,,火锅,  2024-05-10 16:00:00  ,,
支出,零食饮品,,53.04,CNY,银行卡,,,鲜花饼,  2024-05-10 16:00:00  ,,
支出,食材调料,,150.00,CNY,银行卡,,,牦牛肉,  2024-05-10 16:00:00  ,,
支出,堂食外卖,,47.00,CNY,银行卡,,,,  2024-05-09 16:00:00  ,,
支出,人情礼金,,268.00,CNY,银行卡,,,礼物,  2024-05-09 16:00:00  ,,
支出,人情礼金,,222.80,CNY,银行卡,,,礼物,  2024-05-09 16:00:00  ,,
支出,日用百货,,9.90,CNY,银行卡,,,耳钉,  2024-05-09 16:00:00  ,,
支出,公交地铁,,7.00,CNY,银行卡,,,,  2024-05-09 16:00:00  ,,
支出,奶茶甜品,,68.00,CNY,银行卡,,,咖啡,  2024-05-09 16:00:00  ,,
支出,奶茶甜品,,4.00,CNY,银行卡,,,蜜雪冰城,  2024-05-09 16:00:00  ,,
支出,零食饮品,,20.00,CNY,银行卡,,,牛奶面包,  2024-05-09 16:00:00  ,,
支出,堂食外卖,,44.00,CNY,银行卡,,,沈记,  2024-05-08 16:00:00  ,,
支出,食材调料,,153.00,CNY,银行卡,,,有一锅腊排骨,  2024-05-08 16:00:00  ,,
支出,服装鞋帽,,868.00,CNY,银行卡,,,,  2024-05-08 16:00:00  ,,
支出,旅行出游,,144.00,CNY,银行卡,,,去大理,  2024-05-08 16:00:00  ,,
支出,文娱活动,,1100.00,CNY,银行卡,,,玉龙雪山游玩,  2024-05-08 16:00:00  ,,
支出,停车费用,,120.00,CNY,银行卡,,,一周停车费,  2024-05-07 16:00:00  ,,
支出,日用百货,,5.80,CNY,银行卡,,,燕尾夹,  2024-05-06 16:00:00  ,,
支出,堂食外卖,,14.80,CNY,银行卡,,,,  2024-05-06 16:00:00  ,,
支出,堂食外卖,,30.70,CNY,银行卡,,,,  2024-05-05 16:00:00  ,,
支出,堂食外卖,,61.40,CNY,银行卡,,,,  2024-05-04 16:00:00  ,,
支出,日用百货,,137.99,CNY,银行卡,,,,  2024-05-03 16:00:00  ,,
支出,其他花费,,10.00,CNY,银行卡,,,,  2024-05-03 16:00:00  ,,
支出,堂食外卖,,18.61,CNY,银行卡,,,,  2024-05-03 16:00:00  ,,
支出,车品配件,,30.00,CNY,银行卡,,,,  2024-05-02 16:00:00  ,,
支出,房屋贷款,,2228.00,CNY,银行卡,,,房贷,  2024-05-02 16:00:00  ,,
支出,食材调料,,22.16,CNY,银行卡,,,买菜,  2024-05-01 16:00:00  ,,
支出,宝宝穿搭,,27.31,CNY,银行卡,,,帽子,  2024-04-30 16:00:00  ,,
支出,食材调料,,51.07,CNY,银行卡,,,买菜,  2024-04-29 16:00:00  ,,
支出,堂食外卖,,23.68,CNY,银行卡,,,,  2024-04-28 16:00:00  ,,
支出,堂食外卖,,6.51,CNY,银行卡,,,水果菜板,  2024-04-28 16:00:00  ,,
支出,公交地铁,,2153.00,CNY,银行卡,,,,  2024-04-28 16:00:00  ,,
支出,食材调料,,26.46,CNY,银行卡,,,芒果,  2024-04-28 16:00:00  ,,
支出,堂食外卖,,190.20,CNY,银行卡,,,做披萨的披萨,  2024-04-27 16:00:00  ,,
支出,日用百货,,13.90,CNY,银行卡,,,,  2024-04-27 16:00:00  ,,
支出,奶茶甜品,,9.90,CNY,银行卡,,,瑞幸,  2024-04-27 16:00:00  ,,
支出,堂食外卖,,43.86,CNY,银行卡,,,一次性浴巾,  2024-04-26 16:00:00  ,,
支出,服装鞋帽,,79.00,CNY,银行卡,,,长袖衬衫,  2024-04-26 16:00:00  ,,
支出,汽车贷款,,1917.00,CNY,银行卡,,,车贷,  2024-04-26 16:00:00  ,,
支出,堂食外卖,,45.32,CNY,银行卡,,,,  2024-04-26 16:00:00  ,,
支出,服装鞋帽,,46.79,CNY,银行卡,,,美瞳,  2024-04-25 16:00:00  ,,
支出,服装鞋帽,,45.84,CNY,银行卡,,,裤子,  2024-04-24 16:00:00  ,,
支出,服装鞋帽,,328.00,CNY,银行卡,,,鸿星尔克男鞋,  2024-04-22 16:00:00  ,,
支出,服装鞋帽,,35.03,CNY,银行卡,,,短袖衬衫,  2024-04-22 16:00:00  ,,
支出,服装鞋帽,,12.79,CNY,银行卡,,,披肩,  2024-04-22 16:00:00  ,,
支出,日用百货,,3.91,CNY,银行卡,,,小发夹,  2024-04-22 16:00:00  ,,
支出,日用百货,,10.94,CNY,银行卡,,,一次性马桶垫,  2024-04-22 16:00:00  ,,
支出,人情礼金,,783.06,CNY,银行卡,,,,  2024-04-22 16:00:00  ,,
收入,杂项退款,,106.68,CNY,银行卡,,,,  2024-04-22 16:00:00  ,,
支出,问诊就医,,58.00,CNY,银行卡,,,飞行保险,  2024-04-21 16:00:00  ,,
支出,服装鞋帽,,4.98,CNY,银行卡,,,抹胸,  2024-04-21 16:00:00  ,,
支出,日用百货,,9.69,CNY,银行卡,,,鸭舌帽,  2024-04-21 16:00:00  ,,
支出,旅行出游,,1416.00,CNY,银行卡,,,机票,  2024-04-21 16:00:00  ,,
支出,堂食外卖,,38.00,CNY,银行卡,,,椒麻鸡,  2024-04-20 16:00:00  ,,
支出,服装鞋帽,,37.83,CNY,银行卡,,,白T恤,  2024-04-20 16:00:00  ,,
支出,日用百货,,5.17,CNY,银行卡,,,大花,  2024-04-20 16:00:00  ,,
支出,奶茶甜品,,34.50,CNY,银行卡,,,卡旺卡,  2024-04-20 16:00:00  ,,
支出,美容护肤,,1280.00,CNY,银行卡,,,纹眉,  2024-04-20 16:00:00  ,,
支出,堂食外卖,,9.00,CNY,银行卡,,,,  2024-04-20 16:00:00  ,,
支出,日用百货,,7.68,CNY,银行卡,,,菜罩,  2024-04-20 16:00:00  ,,
支出,食材调料,,7.00,CNY,银行卡,,,买菜,  2024-04-19 16:00:00  ,,
支出,服装鞋帽,,45.98,CNY,银行卡,,,裙子,  2024-04-19 16:00:00  ,,
支出,服装鞋帽,,10.61,CNY,银行卡,,,蕾丝镂空头巾,  2024-04-19 16:00:00  ,,
支出,服装鞋帽,,60.07,CNY,银行卡,,,裙子两件套,  2024-04-19 16:00:00  ,,
支出,服装鞋帽,,11.38,CNY,银行卡,,,蕾丝吊带,  2024-04-19 16:00:00  ,,
支出,服装鞋帽,,23.80,CNY,银行卡,,,针织开衫,  2024-04-19 16:00:00  ,,
支出,服装鞋帽,,79.46,CNY,银行卡,,,三件套连衣裙,  2024-04-19 16:00:00  ,,
支出,堂食外卖,,99.00,CNY,银行卡,,,八喜,  2024-04-19 16:00:00  ,,
支出,信用分期,,2555.00,CNY,银行卡,,,京东白条,  2024-04-19 16:00:00  ,,
支出,服装鞋帽,,171.00,CNY,银行卡,,,冲锋裤,  2024-04-17 16:00:00  ,,
支出,服装鞋帽,,306.00,CNY,银行卡,,,冲锋衣,  2024-04-17 16:00:00  ,,
支出,其他杂项,,100.00,CNY,银行卡,,,,  2024-04-17 16:00:00  ,,
支出,水电燃气,,200.00,CNY,银行卡,,,充电桩,  2024-04-17 16:00:00  ,,
支出,堂食外卖,,46.80,CNY,银行卡,,,德克士,  2024-04-16 16:00:00  ,,
支出,堂食外卖,,27.68,CNY,银行卡,,,冒菜,  2024-04-16 16:00:00  ,,
支出,堂食外卖,,10.00,CNY,银行卡,,,饼,  2024-04-16 16:00:00  ,,
支出,宝宝穿搭,,8.90,CNY,银行卡,,,袜子,  2024-04-16 16:00:00  ,,
支出,堂食外卖,,264.00,CNY,银行卡,,,嘎嘎鸭,  2024-04-14 16:00:00  ,,
支出,食材调料,,39.70,CNY,银行卡,,,买菜,  2024-04-13 16:00:00  ,,
支出,堂食外卖,,61.80,CNY,银行卡,,,胡小厨,  2024-04-13 16:00:00  ,,
支出,食材调料,,12.90,CNY,银行卡,,,即食玉米粒,  2024-04-13 16:00:00  ,,
支出,堂食外卖,,10.80,CNY,银行卡,,,黑白芝麻,  2024-04-13 16:00:00  ,,
支出,食材调料,,18.70,CNY,银行卡,,,五色糙米,  2024-04-13 16:00:00  ,,
支出,食材调料,,11.81,CNY,银行卡,,,黑米,  2024-04-13 16:00:00  ,,
支出,食材调料,,17.13,CNY,银行卡,,,花生米,  2024-04-13 16:00:00  ,,
支出,食材调料,,19.12,CNY,银行卡,,,黄豆,  2024-04-13 16:00:00  ,,
支出,奶茶甜品,,9.90,CNY,银行卡,,,瑞幸,  2024-04-13 16:00:00  ,,
支出,美妆个护,,49.90,CNY,银行卡,,,ukiss睫毛打底睫毛膏,  2024-04-13 16:00:00  ,,
支出,问诊就医,,21.60,CNY,银行卡,,,,  2024-04-12 16:00:00  ,,
支出,食材调料,,3.99,CNY,银行卡,,,买菜,  2024-04-11 16:00:00  ,,
支出,美妆个护,,99.00,CNY,银行卡,,,防晒,  2024-04-11 16:00:00  ,,
支出,零食饮品,,67.98,CNY,银行卡,,,纯牛奶,  2024-04-11 16:00:00  ,,
支出,食材调料,,77.58,CNY,银行卡,,,买菜,  2024-04-10 16:00:00  ,,
支出,零食饮品,,68.98,CNY,银行卡,,,牛奶,  2024-04-09 16:00:00  ,,
支出,堂食外卖,,92.70,CNY,银行卡,,,,  2024-04-09 16:00:00  ,,
支出,日用百货,,19.57,CNY,银行卡,,,小发夹头绳,  2024-04-08 16:00:00  ,,
支出,零食饮品,,32.80,CNY,银行卡,,,娃哈哈,  2024-04-08 16:00:00  ,,
支出,美妆个护,,56.50,CNY,银行卡,,,橘朵修容盘,  2024-04-08 16:00:00  ,,
支出,家用电器,,200.00,CNY,银行卡,,,净水器滤芯,  2024-04-08 16:00:00  ,,
支出,堂食外卖,,38.90,CNY,银行卡,,,,  2024-04-07 16:00:00  ,,
支出,堂食外卖,,28.70,CNY,银行卡,,,盐津铺子,  2024-04-07 16:00:00  ,,
支出,零食饮品,,42.80,CNY,银行卡,,,乐锦记,  2024-04-07 16:00:00  ,,
支出,食材调料,,14.55,CNY,银行卡,,,旺旺大米饼,  2024-04-07 16:00:00  ,,
支出,堂食外卖,,8.90,CNY,银行卡,,,甘源青豌豆,  2024-04-07 16:00:00  ,,
支出,食材调料,,18.80,CNY,银行卡,,,三只松鼠猪肉脯,  2024-04-07 16:00:00  ,,
支出,食材调料,,21.60,CNY,银行卡,,,芭乐,  2024-04-07 16:00:00  ,,
支出,食材调料,,50.14,CNY,银行卡,,,买菜,  2024-04-06 16:00:00  ,,
支出,车品配件,,16.90,CNY,银行卡,,,玻璃水,  2024-04-06 16:00:00  ,,
支出,堂食外卖,,490.00,CNY,银行卡,,,怂火锅,  2024-04-05 16:00:00  ,,
支出,日用百货,,15.80,CNY,银行卡,,,帽子,  2024-04-05 16:00:00  ,,
支出,日用百货,,7.80,CNY,银行卡,,,蕾丝发圈,  2024-04-04 16:00:00  ,,
支出,日用百货,,9.50,CNY,银行卡,,,垃圾桶,  2024-04-04 16:00:00  ,,
支出,食材调料,,50.80,CNY,银行卡,,,酱料,  2024-04-03 16:00:00  ,,
支出,日用百货,,13.90,CNY,银行卡,,,脏衣服收纳筐,  2024-04-03 16:00:00  ,,
支出,药品保健,,123.19,CNY,银行卡,,,常备药,  2024-04-03 16:00:00  ,,
支出,日用百货,,66.34,CNY,银行卡,,,隔脏睡袋,  2024-04-02 16:00:00  ,,
支出,日用百货,,22.79,CNY,银行卡,,,真空收纳袋,  2024-04-02 16:00:00  ,,
支出,日用百货,,11.77,CNY,银行卡,,,压缩毛巾,  2024-04-02 16:00:00  ,,
支出,日用百货,,39.55,CNY,银行卡,,,一次性浴巾,  2024-04-02 16:00:00  ,,
支出,个护美妆,,59.80,CNY,银行卡,,,隐形眼镜,  2024-04-02 16:00:00  ,,
支出,日用百货,,10.77,CNY,银行卡,,,硅胶分装瓶,  2024-04-02 16:00:00  ,,
支出,服装鞋帽,,19.80,CNY,银行卡,,,背心,  2024-04-01 16:00:00  ,,
支出,堂食外卖,,4.95,CNY,银行卡,,,,  2024-04-01 16:00:00  ,,
支出,日用百货,,11.70,CNY,银行卡,,,口罩收纳盒,  2024-04-01 16:00:00  ,,
支出,日用百货,,26.27,CNY,银行卡,,,香水收纳盒,  2024-04-01 16:00:00  ,,
支出,日用百货,,48.01,CNY,银行卡,,,babycare湿巾,  2024-04-01 16:00:00  ,,
支出,房屋贷款,,2228.00,CNY,银行卡,,,房贷,  2024-04-01 16:00:00  ,,
支出,食材调料,,44.07,CNY,银行卡,,,买菜,  2024-03-31 16:00:00  ,,
支出,堂食外卖,,23.00,CNY,银行卡,,,,  2024-03-31 16:00:00  ,,
支出,食材调料,,84.58,CNY,银行卡,,,买菜,  2024-03-30 16:00:00  ,,
支出,服装鞋帽,,14.99,CNY,银行卡,,,丝袜,  2024-03-30 16:00:00  ,,
支出,堂食外卖,,32.99,CNY,银行卡,,,茉莉清茶,  2024-03-30 16:00:00  ,,
支出,堂食外卖,,52.52,CNY,银行卡,,,,  2024-03-29 16:00:00  ,,
支出,车品配件,,9.49,CNY,银行卡,,,,  2024-03-29 16:00:00  ,,
支出,服装鞋帽,,35.99,CNY,银行卡,,,吊带睡衣,  2024-03-27 16:00:00  ,,
支出,汽车贷款,,1917.00,CNY,银行卡,,,车贷,  2024-03-27 16:00:00  ,,
支出,日用百货,,26.39,CNY,银行卡,,,拖鞋,  2024-03-27 16:00:00  ,,
支出,日用百货,,14.90,CNY,银行卡,,,大汤碗,  2024-03-27 16:00:00  ,,
支出,日用百货,,16.91,CNY,银行卡,,,名创优品香包,  2024-03-27 16:00:00  ,,
支出,食材调料,,24.80,CNY,银行卡,,,十月稻田黄小米,  2024-03-26 16:00:00  ,,
支出,食材调料,,25.50,CNY,银行卡,,,十月稻田玉米,  2024-03-26 16:00:00  ,,
支出,食材调料,,19.90,CNY,银行卡,,,好想你红枣,  2024-03-26 16:00:00  ,,
支出,服装鞋帽,,5.32,CNY,银行卡,,,背心挂钩,  2024-03-26 16:00:00  ,,
支出,食材调料,,27.40,CNY,银行卡,,,佰恩氏玉米汁,  2024-03-26 16:00:00  ,,
支出,日用百货,,28.80,CNY,银行卡,,,无痕衣架,  2024-03-26 16:00:00  ,,
支出,日用百货,,8.20,CNY,银行卡,,,水槽过滤网,  2024-03-25 16:00:00  ,,
支出,清洁用品,,19.50,CNY,银行卡,,,威猛先生洁厕灵,  2024-03-25 16:00:00  ,,
支出,清洁用品,,32.00,CNY,银行卡,,,威猛先生浴室清洁泡泡,  2024-03-25 16:00:00  ,,
支出,服装鞋帽,,20.31,CNY,银行卡,,,,  2024-03-24 16:00:00  ,,
支出,食材调料,,14.46,CNY,银行卡,,,蔬菜,  2024-03-23 16:00:00  ,,
支出,食材调料,,29.90,CNY,银行卡,,,鸡蛋,  2024-03-22 16:00:00  ,,
支出,服装鞋帽,,30.80,CNY,银行卡,,,六只兔子内裤,  2024-03-21 16:00:00  ,,
支出,堂食外卖,,212.54,CNY,银行卡,,,炸鸡,  2024-03-21 16:00:00  ,,
支出,食材调料,,28.00,CNY,银行卡,,,鸡胸肉,  2024-03-21 16:00:00  ,,
支出,堂食外卖,,57.81,CNY,银行卡,,,,  2024-03-21 16:00:00  ,,
支出,服装鞋帽,,15.73,CNY,银行卡,,,化妆刷收纳盒,  2024-03-21 16:00:00  ,,
支出,药品保健,,29.90,CNY,银行卡,,,药箱,  2024-03-21 16:00:00  ,,
支出,堂食外卖,,8.41,CNY,银行卡,,,水果盘,  2024-03-21 16:00:00  ,,
支出,日用百货,,12.33,CNY,银行卡,,,沥水盘,  2024-03-21 16:00:00  ,,
支出,日用百货,,23.90,CNY,银行卡,,,收纳篮,  2024-03-21 16:00:00  ,,
支出,日用百货,,9.80,CNY,银行卡,,,抽纸盒,  2024-03-21 16:00:00  ,,
支出,清洁用品,,15.90,CNY,银行卡,,,洁厕凝胶,  2024-03-21 16:00:00  ,,
支出,日用百货,,2.80,CNY,银行卡,,,磁吸封口夹,  2024-03-20 16:00:00  ,,
支出,日用百货,,14.90,CNY,银行卡,,,防烫手套,  2024-03-20 16:00:00  ,,
支出,厨房用品,,4.80,CNY,银行卡,,,食品封口夹,  2024-03-20 16:00:00  ,,
支出,日用百货,,5.90,CNY,银行卡,,,纽扣电池,  2024-03-20 16:00:00  ,,
支出,信用分期,,3108.00,CNY,银行卡,,,京东白条,  2024-03-19 16:00:00  ,,
支出,日用百货,,129.99,CNY,银行卡,,,碗柜,  2024-03-17 16:00:00  ,,
支出,日用百货,,13.80,CNY,银行卡,,,衣服收纳箱,  2024-03-17 16:00:00  ,,
支出,日用百货,,30.86,CNY,银行卡,,,收纳分隔板,  2024-03-17 16:00:00  ,,
支出,日用百货,,35.80,CNY,银行卡,,,清风抽纸,  2024-03-17 16:00:00  ,,
支出,堂食外卖,,60.66,CNY,银行卡,,,,  2024-03-16 16:00:00  ,,
支出,零食饮品,,29.90,CNY,银行卡,,,矿泉水,  2024-03-16 16:00:00  ,,
支出,车品配件,,32.80,CNY,银行卡,,,,  2024-03-16 16:00:00  ,,
支出,堂食外卖,,90.44,CNY,银行卡,,,早餐面点,  2024-03-15 16:00:00  ,,
支出,堂食外卖,,22.86,CNY,银行卡,,,兆辉油茶,  2024-03-15 16:00:00  ,,
支出,零食饮品,,45.90,CNY,银行卡,,,蛋糕,  2024-03-15 16:00:00  ,,
支出,厨房用品,,11.83,CNY,银行卡,,,蒸笼纸,  2024-03-15 16:00:00  ,,
支出,堂食外卖,,73.00,CNY,银行卡,,,肯德基,  2024-03-14 16:00:00  ,,
支出,堂食外卖,,26.20,CNY,银行卡,,,,  2024-03-14 16:00:00  ,,
支出,零食饮品,,61.90,CNY,银行卡,,,榴芒一刻蛋糕,  2024-03-14 16:00:00  ,,
支出,食材调料,,44.80,CNY,银行卡,,,黄胜记猪肉脯,  2024-03-14 16:00:00  ,,
支出,日用百货,,19.60,CNY,银行卡,,,面碗,  2024-03-14 16:00:00  ,,
支出,零食饮品,,13.66,CNY,银行卡,,,玻璃牛奶杯,  2024-03-13 16:00:00  ,,
支出,堂食外卖,,13.08,CNY,银行卡,,,妙可蓝多芝士片,  2024-03-13 16:00:00  ,,
支出,堂食外卖,,21.29,CNY,银行卡,,,妙可蓝多马苏里拉芝士碎,  2024-03-13 16:00:00  ,,
支出,堂食外卖,,15.70,CNY,银行卡,,,安佳黄油,  2024-03-13 16:00:00  ,,
支出,食材调料,,9.90,CNY,银行卡,,,丘比沙拉酱,  2024-03-13 16:00:00  ,,
支出,堂食外卖,,12.90,CNY,银行卡,,,丘比千岛酱,  2024-03-13 16:00:00  ,,
支出,厨房用品,,21.72,CNY,银行卡,,,锅铲置物架,  2024-03-13 16:00:00  ,,
支出,服装鞋帽,,29.96,CNY,银行卡,,,,  2024-03-11 16:00:00  ,,
支出,清洁用品,,4.70,CNY,银行卡,,,杯刷,  2024-03-11 16:00:00  ,,
支出,清洁用品,,7.91,CNY,银行卡,,,鞋刷,  2024-03-11 16:00:00  ,,
支出,堂食外卖,,34.46,CNY,银行卡,,,,  2024-03-10 16:00:00  ,,
支出,药品保健,,34.90,CNY,银行卡,,,达喜,  2024-03-10 16:00:00  ,,
支出,电脑配件,,50.00,CNY,银行卡,,,内存卡,  2024-03-09 16:00:00  ,,
支出,服装鞋帽,,116.00,CNY,银行卡,,,羽绒服干洗,  2024-03-08 16:00:00  ,,
支出,日用百货,,26.80,CNY,银行卡,,,碟子,  2024-03-08 16:00:00  ,,
支出,日用百货,,18.43,CNY,银行卡,,,餐盘,  2024-03-08 16:00:00  ,,
支出,公交地铁,,180.00,CNY,银行卡,,,地铁卡,  2024-03-07 16:00:00  ,,
支出,堂食外卖,,11.85,CNY,银行卡,,,水果削皮刀,  2024-03-07 16:00:00  ,,
支出,日用百货,,5.32,CNY,银行卡,,,削皮刀,  2024-03-07 16:00:00  ,,
支出,日用百货,,4.20,CNY,银行卡,,,防烫夹,  2024-03-07 16:00:00  ,,
支出,厨房用品,,6.83,CNY,银行卡,,,蒜泥挤压器,  2024-03-07 16:00:00  ,,
支出,日用百货,,8.71,CNY,银行卡,,,蘸料碟,  2024-03-07 16:00:00  ,,
支出,日用百货,,9.79,CNY,银行卡,,,厨房纸,  2024-03-07 16:00:00  ,,
支出,食材调料,,65.40,CNY,银行卡,,,千禾调料,  2024-03-07 16:00:00  ,,
支出,堂食外卖,,18.50,CNY,银行卡,,,耗油挤压器,  2024-03-07 16:00:00  ,,
支出,堂食外卖,,6.99,CNY,银行卡,,,盐,  2024-03-07 16:00:00  ,,
支出,食材调料,,5.90,CNY,银行卡,,,莲花味精,  2024-03-07 16:00:00  ,,
支出,堂食外卖,,5.82,CNY,银行卡,,,甘汁园白砂糖,  2024-03-07 16:00:00  ,,
支出,食材调料,,4.62,CNY,银行卡,,,甘汁园玉米淀粉,  2024-03-07 16:00:00  ,,
支出,食材调料,,5.50,CNY,银行卡,,,甘汁园小苏打,  2024-03-07 16:00:00  ,,
支出,食材调料,,41.90,CNY,银行卡,,,味好美调料,  2024-03-07 16:00:00  ,,
支出,堂食外卖,,67.00,CNY,银行卡,,,肯德基,  2024-03-06 16:00:00  ,,
支出,日用百货,,22.80,CNY,银行卡,,,衣服收纳箱,  2024-03-06 16:00:00  ,,
支出,日用百货,,43.80,CNY,银行卡,,,微波炉置物架,  2024-03-06 16:00:00  ,,
支出,日用百货,,6.97,CNY,银行卡,,,陶瓷汤勺,  2024-03-06 16:00:00  ,,
支出,日用百货,,11.80,CNY,银行卡,,,不锈钢勺子,  2024-03-05 16:00:00  ,,
支出,日用百货,,14.90,CNY,银行卡,,,木筷子,  2024-03-05 16:00:00  ,,
支出,日用百货,,17.71,CNY,银行卡,,,筷子,  2024-03-05 16:00:00  ,,
支出,清洁用品,,11.20,CNY,银行卡,,,洗碗布,  2024-03-05 16:00:00  ,,
支出,厨房用品,,78.90,CNY,银行卡,,,调料置物架,  2024-03-05 16:00:00  ,,
支出,日用百货,,50.96,CNY,银行卡,,,炊大皇保鲜袋、密封袋、保鲜膜套,  2024-03-05 16:00:00  ,,
支出,堂食外卖,,31.95,CNY,银行卡,,,,  2024-03-04 16:00:00  ,,
支出,个护美妆,,159.29,CNY,银行卡,,,高洁丝卫生巾,  2024-03-04 16:00:00  ,,
支出,堂食外卖,,28.30,CNY,银行卡,,,阿贵,  2024-03-03 16:00:00  ,,
支出,堂食外卖,,12.00,CNY,银行卡,,,,  2024-03-03 16:00:00  ,,
支出,其他杂项,,100.00,CNY,银行卡,,,,  2024-03-03 16:00:00  ,,
支出,堂食外卖,,1218.00,CNY,银行卡,,,,  2024-03-02 16:00:00  ,,
支出,出行打车,,13.10,CNY,银行卡,,,打车,  2024-03-02 16:00:00  ,,
支出,堂食外卖,,160.00,CNY,银行卡,,,嘎嘎鸭,  2024-03-01 16:00:00  ,,
支出,公交地铁,,6.67,CNY,银行卡,,,骑行卡,  2024-03-01 16:00:00  ,,
支出,堂食外卖,,11.60,CNY,银行卡,,,喷油壶,  2024-03-01 16:00:00  ,,
支出,堂食外卖,,6.74,CNY,银行卡,,,油壶,  2024-03-01 16:00:00  ,,
支出,厨房用品,,38.57,CNY,银行卡,,,调料罐,  2024-03-01 16:00:00  ,,
支出,日用百货,,8.79,CNY,银行卡,,,围裙,  2024-03-01 16:00:00  ,,
支出,堂食外卖,,11.80,CNY,银行卡,,,水果沙拉碗,  2024-03-01 16:00:00  ,,
支出,日用百货,,9.51,CNY,银行卡,,,玻璃杯,  2024-03-01 16:00:00  ,,
支出,堂食外卖,,13.30,CNY,银行卡,,,水果叉,  2024-03-01 16:00:00  ,,
支出,房屋贷款,,2227.36,CNY,银行卡,,,房贷,  2024-03-01 16:00:00  ,,
支出,日用百货,,21.80,CNY,银行卡,,,垃圾袋,  2024-03-01 16:00:00  ,,
支出,日用百货,,5.11,CNY,银行卡,,,刷锅神器,  2024-03-01 16:00:00  ,,
支出,食材调料,,9.80,CNY,银行卡,,,鸡蛋收纳盒,  2024-03-01 16:00:00  ,,
支出,厨房用品,,11.31,CNY,银行卡,,,空气炸锅吸油纸,  2024-03-01 16:00:00  ,,
支出,厨房用品,,12.10,CNY,银行卡,,,空气炸锅锡纸盘,  2024-03-01 16:00:00  ,,
支出,手机数码,,5.98,CNY,银行卡,,,手机壳,  2024-02-28 16:00:00  ,,
支出,日用百货,,32.90,CNY,银行卡,,,维达卫卷纸,  2024-02-28 16:00:00  ,,
支出,日用百货,,2.36,CNY,银行卡,,,开瓶器,  2024-02-28 16:00:00  ,,
支出,食材调料,,45.31,CNY,银行卡,,,五谷杂粮收纳盒,  2024-02-28 16:00:00  ,,
支出,日用百货,,25.80,CNY,银行卡,,,米桶,  2024-02-28 16:00:00  ,,
支出,汽车贷款,,1916.67,CNY,银行卡,,,车贷,  2024-02-27 16:00:00  ,,
支出,堂食外卖,,73.00,CNY,银行卡,,,米村拌饭,  2024-02-25 16:00:00  ,,
支出,停车费用,,11.00,CNY,银行卡,,,停车费,  2024-02-25 16:00:00  ,,
支出,奶茶甜品,,28.90,CNY,银行卡,,,coco,  2024-02-25 16:00:00  ,,
支出,零食饮品,,25.60,CNY,银行卡,,,詹记桃酥,  2024-02-25 16:00:00  ,,
支出,美容护肤,,40.00,CNY,银行卡,,,美甲卸甲,  2024-02-25 16:00:00  ,,
支出,日用百货,,5.64,CNY,银行卡,,,浴室拖鞋架,  2024-02-25 16:00:00  ,,
支出,堂食外卖,,42.38,CNY,银行卡,,,喜姐,  2024-02-24 16:00:00  ,,
支出,个护美妆,,100.17,CNY,银行卡,,,草本口雾,  2024-02-24 16:00:00  ,,
支出,日用百货,,6.12,CNY,银行卡,,,拖鞋,  2024-02-23 16:00:00  ,,
支出,个护美妆,,31.90,CNY,银行卡,,,洗脸巾,  2024-02-23 16:00:00  ,,
支出,堂食外卖,,90.96,CNY,银行卡,,,,  2024-02-21 16:00:00  ,,
支出,公交地铁,,19.10,CNY,银行卡,,,,  2024-02-21 16:00:00  ,,
支出,其他杂项,,50.00,CNY,银行卡,,,,  2024-02-21 16:00:00  ,,
支出,电脑配件,,6.26,CNY,银行卡,,,头戴式耳机支架,  2024-02-21 16:00:00  ,,
支出,电脑配件,,5.98,CNY,银行卡,,,魔术贴扎带,  2024-02-21 16:00:00  ,,
支出,电脑配件,,57.42,CNY,银行卡,,,电脑主机置物架,  2024-02-21 16:00:00  ,,
支出,日用百货,,14.90,CNY,银行卡,,,鞋子收纳架,  2024-02-21 16:00:00  ,,
支出,日用百货,,34.44,CNY,银行卡,,,鞋子收纳盒,  2024-02-21 16:00:00  ,,
支出,日用百货,,1.32,CNY,银行卡,,,尼龙扎带,  2024-02-21 16:00:00  ,,
支出,日用百货,,8.71,CNY,银行卡,,,硅胶刮板,  2024-02-21 16:00:00  ,,
支出,日用百货,,13.59,CNY,银行卡,,,衣架收纳架,  2024-02-21 16:00:00  ,,
支出,日用百货,,9.50,CNY,银行卡,,,防风被夹,  2024-02-21 16:00:00  ,,
支出,日用百货,,6.85,CNY,银行卡,,,冰箱贴,  2024-02-21 16:00:00  ,,
支出,个护美妆,,23.60,CNY,银行卡,,,牙刷杯收纳,  2024-02-21 16:00:00  ,,
支出,个护美妆,,6.80,CNY,银行卡,,,牙刷,  2024-02-21 16:00:00  ,,
支出,日用百货,,9.90,CNY,银行卡,,,浴室地垫,  2024-02-20 16:00:02  ,,
支出,日用百货,,9.90,CNY,银行卡,,,脸盆置物架,  2024-02-20 16:00:01  ,,
支出,其他花费,,31.00,CNY,银行卡,,,,  2024-02-20 16:00:00  ,,
支出,个护美妆,,9.15,CNY,银行卡,,,吹风机置物架,  2024-02-20 16:00:00  ,,
支出,日用百货,,9.17,CNY,银行卡,,,洗澡拖鞋置物架,  2024-02-20 16:00:00  ,,
支出,日用百货,,18.71,CNY,银行卡,,,毛巾置物架,  2024-02-20 16:00:00  ,,
支出,日用百货,,16.79,CNY,银行卡,,,真空吸盘挂钩,  2024-02-20 16:00:00  ,,
支出,个护美妆,,15.39,CNY,银行卡,,,电动牙刷置物架,  2024-02-20 16:00:00  ,,
支出,日用百货,,7.49,CNY,银行卡,,,擦手毛巾,  2024-02-20 16:00:00  ,,
支出,堂食外卖,,48.50,CNY,银行卡,,,,  2024-02-19 16:00:00  ,,
支出,堂食外卖,,96.00,CNY,银行卡,,,老乡鸡,  2024-02-17 16:00:00  ,,
支出,日用百货,,295.26,CNY,银行卡,,,,  2024-02-17 16:00:00  ,,
支出,日用百货,,140.00,CNY,银行卡,,,,  2024-02-17 16:00:00  ,,
支出,堂食外卖,,26.80,CNY,银行卡,,,,  2024-02-17 16:00:00  ,,
支出,堂食外卖,,132.00,CNY,银行卡,,,,  2024-02-16 16:00:00  ,,
支出,堂食外卖,,9.90,CNY,银行卡,,,,  2024-02-16 16:00:00  ,,
支出,美容护肤,,119.90,CNY,银行卡,,,美甲,  2024-02-16 16:00:00  ,,
支出,问诊就医,,85.00,CNY,银行卡,,,,  2024-02-15 16:00:00  ,,
支出,堂食外卖,,68.99,CNY,银行卡,,,,  2024-02-12 16:00:00  ,,
支出,堂食外卖,,49.00,CNY,银行卡,,,,  2024-02-10 16:00:00  ,,
支出,人情礼金,,600.00,CNY,银行卡,,,糖豆,  2024-02-09 16:00:00  ,,
支出,堂食外卖,,61.00,CNY,银行卡,,,煲仔皇,  2024-02-08 16:00:00  ,,
支出,奶茶甜品,,9.90,CNY,银行卡,,,瑞幸咖啡,  2024-02-08 16:00:00  ,,
支出,堂食外卖,,41.21,CNY,银行卡,,,,  2024-02-08 16:00:00  ,,
支出,美妆个护,,990.00,CNY,银行卡,,,迪奥花漾甜心小姐,  2024-02-08 16:00:00  ,,
支出,日用百货,,52.98,CNY,银行卡,,,梳子,  2024-02-07 16:00:00  ,,
支出,日用百货,,79.79,CNY,银行卡,,,红色四件套,  2024-02-07 16:00:00  ,,
支出,堂食外卖,,143.00,CNY,银行卡,,,太二酸菜鱼,  2024-02-06 16:00:00  ,,
支出,日用百货,,607.80,CNY,银行卡,,,,  2024-02-06 16:00:00  ,,
支出,日用百货,,18.61,CNY,银行卡,,,拉花,  2024-02-06 16:00:00  ,,
支出,日用百货,,87.35,CNY,银行卡,,,小熊毛巾,  2024-02-06 16:00:00  ,,
支出,日用百货,,179.27,CNY,银行卡,,,香皂,  2024-02-06 16:00:00  ,,
支出,公交地铁,,19.16,CNY,银行卡,,,骑行卡,  2024-02-06 16:00:00  ,,
支出,公交地铁,,10.48,CNY,银行卡,,,,  2024-02-06 16:00:00  ,,
支出,其他杂项,,100.00,CNY,银行卡,,,,  2024-02-05 16:00:00  ,,
支出,堂食外卖,,75.50,CNY,银行卡,,,肯德基,  2024-02-03 16:00:00  ,,
支出,日用百货,,16.98,CNY,银行卡,,,九倍扑克牌,  2024-02-03 16:00:00  ,,
支出,日用百货,,37.37,CNY,银行卡,,,喜被收纳袋,  2024-02-03 16:00:00  ,,
支出,堂食外卖,,67.80,CNY,银行卡,,,,  2024-02-01 16:00:00  ,,
支出,人情礼金,,129.00,CNY,银行卡,,,,  2024-02-01 16:00:00  ,,
支出,个护美妆,,11.77,CNY,银行卡,,,一次性洗脸巾,  2024-01-31 16:00:00  ,,
支出,清洁用品,,9.88,CNY,银行卡,,,超能洗洁精,  2024-01-31 16:00:00  ,,
支出,个护美妆,,19.80,CNY,银行卡,,,力士沐浴露,  2024-01-31 16:00:00  ,,
支出,日用百货,,21.60,CNY,银行卡,,,佳洁士药膏,  2024-01-31 16:00:00  ,,
支出,个护美妆,,97.49,CNY,银行卡,,,欧莱雅洗发水,  2024-01-31 16:00:00  ,,
支出,日用百货,,3.74,CNY,银行卡,,,一次性吸管,  2024-01-30 16:00:00  ,,
支出,日用百货,,10.95,CNY,银行卡,,,加绒橡胶手套,  2024-01-30 16:00:00  ,,
支出,公交地铁,,69.71,CNY,银行卡,,,,  2024-01-30 16:00:00  ,,
支出,服装鞋帽,,59.90,CNY,银行卡,,,羊毛衫,  2024-01-29 16:00:00  ,,
支出,公交地铁,,17.45,CNY,银行卡,,,,  2024-01-29 16:00:00  ,,
支出,日用百货,,22.80,CNY,银行卡,,,无痕衣架,  2024-01-28 16:00:00  ,,
支出,日用百货,,33.99,CNY,银行卡,,,宽肩无痕衣架,  2024-01-28 16:00:00  ,,
支出,美容护肤,,300.00,CNY,银行卡,,,做头发,  2024-01-28 16:00:00  ,,
支出,美妆个护,,79.90,CNY,银行卡,,,尔木萄粉扑,  2024-01-28 16:00:00  ,,
支出,堂食外卖,,17.00,CNY,银行卡,,,,  2024-01-27 16:00:00  ,,
支出,日用百货,,8.61,CNY,银行卡,,,堵门门贴,  2024-01-27 16:00:00  ,,
支出,日用百货,,5.50,CNY,银行卡,,,套圈,  2024-01-27 16:00:00  ,,
支出,日用百货,,3.80,CNY,银行卡,,,保证书,  2024-01-27 16:00:00  ,,
支出,日用百货,,1.77,CNY,银行卡,,,口是心非,  2024-01-27 16:00:00  ,,
支出,日用百货,,6.80,CNY,银行卡,,,百发百中,  2024-01-27 16:00:00  ,,
支出,日用百货,,16.80,CNY,银行卡,,,夹喜钞,  2024-01-27 16:00:00  ,,
支出,日用百货,,18.60,CNY,银行卡,,,诸葛吃糖,  2024-01-27 16:00:00  ,,
支出,人情礼金,,1000.00,CNY,银行卡,,,,  2024-01-27 16:00:00  ,,
支出,堂食外卖,,15.00,CNY,银行卡,,,,  2024-01-27 16:00:00  ,,
支出,公交地铁,,19.94,CNY,银行卡,,,,  2024-01-25 16:00:00  ,,
支出,堂食外卖,,27.00,CNY,银行卡,,,,  2024-01-24 16:00:00  ,,
支出,日用百货,,31.39,CNY,银行卡,,,婚包,  2024-01-24 16:00:00  ,,
支出,食材调料,,16.63,CNY,银行卡,,,酒店婚房喜字贴,  2024-01-22 16:00:00  ,,
支出,日用百货,,78.00,CNY,银行卡,,,晨袍,  2024-01-22 16:00:00  ,,
支出,日用百货,,31.92,CNY,银行卡,,,发簪,  2024-01-22 16:00:00  ,,
支出,日用百货,,22.96,CNY,银行卡,,,花童头纱,  2024-01-22 16:00:00  ,,
支出,食材调料,,19.80,CNY,银行卡,,,酒店客厅喜字贴,  2024-01-22 16:00:00  ,,
支出,日用百货,,14.89,CNY,银行卡,,,舞龙,  2024-01-22 16:00:00  ,,
支出,日用百货,,8.00,CNY,银行卡,,,结婚拉旗横幅,  2024-01-22 16:00:00  ,,
支出,食材调料,,18.00,CNY,银行卡,,,酒店窗帘装饰,  2024-01-22 16:00:00  ,,
支出,公交地铁,,180.00,CNY,银行卡,,,地铁卡,  2024-01-22 16:00:00  ,,
支出,服装鞋帽,,220.00,CNY,银行卡,,,,  2024-01-21 16:00:00  ,,
支出,服装鞋帽,,765.00,CNY,银行卡,,,,  2024-01-21 16:00:00  ,,
支出,日用百货,,10.34,CNY,银行卡,,,小红包,  2024-01-21 16:00:00  ,,
支出,日用百货,,8.44,CNY,银行卡,,,大红包,  2024-01-21 16:00:00  ,,
支出,日用百货,,32.94,CNY,银行卡,,,礼宾花,  2024-01-21 16:00:00  ,,
支出,日用百货,,15.00,CNY,银行卡,,,威露士洗手液,  2024-01-21 16:00:00  ,,
支出,日用百货,,47.00,CNY,银行卡,,,抱枕,  2024-01-21 16:00:00  ,,
支出,公交地铁,,6.00,CNY,银行卡,,,,  2024-01-21 16:00:00  ,,
支出,母婴用品,,41.00,CNY,银行卡,,,,  2024-01-21 16:00:00  ,,
支出,宝宝穿搭,,79.40,CNY,银行卡,,,鞋子,  2024-01-20 16:00:00  ,,
支出,日用百货,,105.84,CNY,银行卡,,,团扇,  2024-01-20 16:00:00  ,,
支出,零食饮品,,150.00,CNY,银行卡,,,生日蛋糕,  2024-01-20 16:00:00  ,,
支出,日用百货,,29.02,CNY,银行卡,,,早生贵子干果,  2024-01-19 16:00:00  ,,
支出,日用百货,,17.55,CNY,银行卡,,,早生贵子小篮子,  2024-01-19 16:00:00  ,,
支出,日用百货,,6.55,CNY,银行卡,,,红线,  2024-01-19 16:00:00  ,,
支出,日用百货,,6.88,CNY,银行卡,,,金色小剪刀,  2024-01-19 16:00:00  ,,
支出,其他花费,,11.00,CNY,银行卡,,,,  2024-01-19 16:00:00  ,,
支出,美妆个护,,100.00,CNY,银行卡,,,MAC小辣椒,  2024-01-19 16:00:00  ,,
支出,美妆个护,,300.00,CNY,银行卡,,,欧舒丹护手霜,  2024-01-19 16:00:00  ,,
支出,美妆个护,,230.00,CNY,银行卡,,,娇韵诗防晒,  2024-01-19 16:00:00  ,,
支出,堂食外卖,,36.00,CNY,银行卡,,,,  2024-01-18 16:00:00  ,,
支出,宝宝穿搭,,256.00,CNY,银行卡,,,鞋子,  2024-01-18 16:00:00  ,,
支出,日用百货,,29.02,CNY,银行卡,,,早生贵子,  2024-01-18 16:00:00  ,,
支出,日用百货,,14.75,CNY,银行卡,,,门把手喜字挂件,  2024-01-18 16:00:00  ,,
支出,日用百货,,18.80,CNY,银行卡,,,婚房窗帘绑带,  2024-01-18 16:00:00  ,,
支出,堂食外卖,,7.42,CNY,银行卡,,,美纹纸红5卷,  2024-01-17 16:00:00  ,,
支出,堂食外卖,,12.96,CNY,银行卡,,,布基胶3卷,  2024-01-17 16:00:00  ,,
支出,堂食外卖,,10.52,CNY,银行卡,,,纳米胶5卷,  2024-01-17 16:00:00  ,,
支出,堂食外卖,,21.70,CNY,银行卡,,,毛毛包,  2024-01-17 16:00:00  ,,
支出,日用百货,,20.42,CNY,银行卡,,,伴手礼杯子勺子,  2024-01-17 16:00:00  ,,
支出,个护美妆,,13.27,CNY,银行卡,,,洗脸巾架,  2024-01-17 16:00:00  ,,
支出,日用百货,,23.82,CNY,银行卡,,,植绒喜字帖80张,  2024-01-17 16:00:00  ,,
支出,日用百货,,11.60,CNY,银行卡,,,大喜字贴4张,  2024-01-17 16:00:00  ,,
支出,日用百货,,3.50,CNY,银行卡,,,点胶5包,  2024-01-17 16:00:00  ,,
支出,日用百货,,5.34,CNY,银行卡,,,美纹纸白5卷,  2024-01-17 16:00:00  ,,
支出,人情礼金,,726.00,CNY,银行卡,,,,  2024-01-17 16:00:00  ,,
支出,日用百货,,16.23,CNY,银行卡,,,淋浴间置物架,  2024-01-16 16:00:00  ,,
支出,堂食外卖,,23.65,CNY,银行卡,,,入户门地毯,  2024-01-15 16:00:00  ,,
支出,日用百货,,151.00,CNY,银行卡,,,红色四件套,  2024-01-15 16:00:00  ,,
支出,日用百货,,33.90,CNY,银行卡,,,维达抽纸,  2024-01-15 16:00:00  ,,
支出,日用百货,,13.71,CNY,银行卡,,,伴手礼手提袋,  2024-01-15 16:00:00  ,,
支出,日用百货,,11.54,CNY,银行卡,,,喜字小毛巾,  2024-01-15 16:00:00  ,,
支出,食材调料,,9.88,CNY,银行卡,,,梅见酒,  2024-01-15 16:00:00  ,,
支出,日用百货,,138.00,CNY,银行卡,,,包,  2024-01-15 16:00:00  ,,
支出,堂食外卖,,9.41,CNY,银行卡,,,,  2024-01-14 16:00:00  ,,
支出,食材调料,,40.80,CNY,银行卡,,,红糖,  2024-01-14 16:00:00  ,,
支出,堂食外卖,,18.00,CNY,银行卡,,,,  2024-01-13 16:00:00  ,,
支出,清洁用品,,14.80,CNY,银行卡,,,海绵拖把,  2024-01-13 16:00:00  ,,
支出,堂食外卖,,51.68,CNY,银行卡,,,,  2024-01-13 16:00:00  ,,
支出,日用百货,,19.90,CNY,银行卡,,,喜盆2个,  2024-01-12 16:00:00  ,,
支出,日用百货,,25.83,CNY,银行卡,,,喜镜木梳一对,  2024-01-12 16:00:00  ,,
支出,日用百货,,17.60,CNY,银行卡,,,喜毛巾2条,  2024-01-12 16:00:00  ,,
支出,日用百货,,8.77,CNY,银行卡,,,针线盒,  2024-01-12 16:00:00  ,,
支出,日用百货,,168.00,CNY,银行卡,,,苏泊尔保温壶2个,  2024-01-12 16:00:00  ,,
支出,日用百货,,103.38,CNY,银行卡,,,团扇,  2024-01-12 16:00:00  ,,
支出,个护美妆,,30.90,CNY,银行卡,,,牙刷杯子肥皂盒,  2024-01-12 16:00:00  ,,
支出,日用百货,,48.00,CNY,银行卡,,,台灯2个,  2024-01-11 16:00:00  ,,
支出,日用百货,,42.71,CNY,银行卡,,,压床娃娃一对,  2024-01-11 16:00:00  ,,
支出,日用百货,,46.00,CNY,银行卡,,,抱枕,  2024-01-11 16:00:00  ,,
支出,日用百货,,46.88,CNY,银行卡,,,跪垫2对,  2024-01-10 16:00:00  ,,
支出,日用百货,,12.83,CNY,银行卡,,,子孙桶,  2024-01-10 16:00:00  ,,
支出,堂食外卖,,6.00,CNY,银行卡,,,,  2024-01-09 16:00:00  ,,
支出,服装鞋帽,,147.99,CNY,银行卡,,,结婚内衣2套,  2024-01-09 16:00:00  ,,
支出,宝宝穿搭,,9.22,CNY,银行卡,,,红袜子,  2024-01-09 16:00:00  ,,
支出,美妆个护,,129.00,CNY,银行卡,,,溪木源洗面奶,  2024-01-09 16:00:00  ,,
支出,日用百货,,34.65,CNY,银行卡,,,请帖,  2024-01-08 16:00:00  ,,
支出,清洁用品,,26.83,CNY,银行卡,,,超能内衣洗衣液,  2024-01-08 16:00:00  ,,
支出,日用百货,,11.90,CNY,银行卡,,,羽绒服湿巾,  2024-01-08 16:00:00  ,,
支出,堂食外卖,,48.90,CNY,银行卡,,,,  2024-01-07 16:00:00  ,,
支出,堂食外卖,,47.50,CNY,银行卡,,,,  2024-01-06 16:00:00  ,,
支出,堂食外卖,,49.90,CNY,银行卡,,,麦当劳,  2024-01-06 16:00:00  ,,
支出,公交地铁,,12.00,CNY,银行卡,,,,  2024-01-06 16:00:00  ,,
支出,堂食外卖,,66.00,CNY,银行卡,,,,  2024-01-04 16:00:00  ,,
支出,服装鞋帽,,163.80,CNY,银行卡,,,红色秋衣秋裤2套,  2024-01-04 16:00:00  ,,
支出,奶茶甜品,,26.00,CNY,银行卡,,,卡旺卡,  2024-01-04 16:00:00  ,,
支出,零食饮品,,100.00,CNY,银行卡,,,米糖,  2024-01-04 16:00:00  ,,
支出,服装鞋帽,,24.80,CNY,银行卡,,,棉拖鞋2双,  2024-01-03 16:00:00  ,,
支出,服装鞋帽,,108.00,CNY,银行卡,,,红色睡衣2套,  2024-01-03 16:00:00  ,,
支出,宝宝穿搭,,49.90,CNY,银行卡,,,内裤袜子,  2024-01-02 16:00:00  ,,
支出,日用百货,,33.65,CNY,银行卡,,,婚被收纳袋,  2024-01-02 16:00:00  ,,
支出,日用百货,,99.19,CNY,银行卡,,,团扇,  2023-12-31 16:00:00  ,,
支出,日用百货,,188.88,CNY,银行卡,,,行李箱,  2023-12-31 16:00:00  ,,
支出,加油充电,,100.00,CNY,银行卡,,,油费,  2023-12-31 16:00:00  ,,
支出,日用百货,,89.00,CNY,银行卡,,,富安娜毛毯,  2023-12-29 16:00:00  ,,
支出,堂食外卖,,46.98,CNY,银行卡,,,,  2023-12-29 16:00:00  ,,
支出,问诊就医,,222.24,CNY,银行卡,,,,  2023-12-29 16:00:00  ,,
支出,美妆个护,,34.80,CNY,银行卡,,,发泥,  2023-12-28 16:00:00  ,,
支出,婚庆开支,,550.00,CNY,银行卡,,,婚礼跟拍定金,  2023-12-28 16:00:00  ,,
支出,服装鞋帽,,99.00,CNY,银行卡,,,牛仔裤,  2023-12-27 16:00:00  ,,
支出,食材调料,,66.41,CNY,银行卡,,,农夫山泉苹果,  2023-12-27 16:00:00  ,,
支出,食材调料,,158.00,CNY,银行卡,,,茶叶,  2023-12-26 16:00:00  ,,
支出,堂食外卖,,20.00,CNY,银行卡,,,,  2023-12-24 16:00:00  ,,
支出,服装鞋帽,,650.00,CNY,银行卡,,,,  2023-12-24 16:00:00  ,,
支出,公交地铁,,12.80,CNY,银行卡,,,骑行卡,  2023-12-24 16:00:00  ,,
支出,个护美妆,,55.50,CNY,银行卡,,,隐形眼镜护理液,  2023-12-23 16:00:00  ,,
支出,个护美妆,,42.80,CNY,银行卡,,,隐形眼镜,  2023-12-23 16:00:00  ,,
支出,话费通讯,,100.00,CNY,银行卡,,,话费,  2023-12-21 16:00:00  ,,
支出,服装鞋帽,,379.48,CNY,银行卡,,,鸭鸭羽绒服,  2023-12-19 16:00:00  ,,
支出,服装鞋帽,,59.90,CNY,银行卡,,,毛衣,  2023-12-18 16:00:00  ,,
支出,日用百货,,260.00,CNY,银行卡,,,,  2023-12-17 16:00:02  ,,
支出,服装鞋帽,,260.00,CNY,银行卡,,,,  2023-12-17 16:00:01  ,,
支出,服装鞋帽,,500.00,CNY,银行卡,,,,  2023-12-17 16:00:00  ,,
支出,日用百货,,200.00,CNY,银行卡,,,,  2023-12-17 16:00:00  ,,
支出,服装鞋帽,,16.32,CNY,银行卡,,,,  2023-12-15 16:00:00  ,,
支出,个护美妆,,47.60,CNY,银行卡,,,卫生巾,  2023-12-15 16:00:00  ,,
支出,食材调料,,5.80,CNY,银行卡,,,红糖,  2023-12-15 16:00:00  ,,
支出,公交地铁,,14.52,CNY,银行卡,,,,  2023-12-13 16:00:00  ,,
支出,公交地铁,,21.79,CNY,银行卡,,,,  2023-12-13 16:00:00  ,,
支出,公交地铁,,3.49,CNY,银行卡,,,,  2023-12-11 16:00:00  ,,
支出,公交地铁,,180.00,CNY,银行卡,,,地铁卡,  2023-12-11 16:00:00  ,,
支出,堂食外卖,,50.50,CNY,银行卡,,,,  2023-12-10 16:00:00  ,,
支出,日用百货,,42.90,CNY,银行卡,,,,  2023-12-10 16:00:00  ,,
支出,公交地铁,,18.69,CNY,银行卡,,,,  2023-12-10 16:00:00  ,,
支出,堂食外卖,,45.00,CNY,银行卡,,,,  2023-12-09 16:00:00  ,,
支出,堂食外卖,,7.00,CNY,银行卡,,,,  2023-12-05 16:00:00  ,,
支出,堂食外卖,,21.49,CNY,银行卡,,,,  2023-12-05 16:00:00  ,,
支出,堂食外卖,,7.52,CNY,银行卡,,,,  2023-12-05 16:00:00  ,,
支出,堂食外卖,,13.00,CNY,银行卡,,,好乐鸡,  2023-12-02 16:00:00  ,,
支出,公交地铁,,5.00,CNY,银行卡,,,,  2023-12-02 16:00:00  ,,
支出,堂食外卖,,22.00,CNY,银行卡,,,,  2023-11-29 16:00:00  ,,
支出,日用百货,,119.90,CNY,银行卡,,,长筒靴,  2023-11-27 16:00:00  ,,
支出,美妆个护,,23.00,CNY,银行卡,,,橘朵眉粉,  2023-11-27 16:00:00  ,,
支出,堂食外卖,,249.00,CNY,银行卡,,,晋家门,  2023-11-26 16:00:00  ,,
支出,奶茶甜品,,19.80,CNY,银行卡,,,coco,  2023-11-26 16:00:00  ,,
支出,堂食外卖,,116.40,CNY,银行卡,,,亦青春烧烤,  2023-11-24 16:00:00  ,,
支出,日用百货,,22.40,CNY,银行卡,,,,  2023-11-19 16:00:00  ,,
支出,公交地铁,,10.19,CNY,银行卡,,,,  2023-11-19 16:00:00  ,,
支出,出行打车,,33.59,CNY,银行卡,,,高德,  2023-11-18 16:00:00  ,,
支出,堂食外卖,,29.90,CNY,银行卡,,,肯德基,  2023-11-18 16:00:00  ,,
支出,出行打车,,19.20,CNY,银行卡,,,高德,  2023-11-18 16:00:00  ,,
支出,日用百货,,115.00,CNY,银行卡,,,鲜花,  2023-11-17 16:00:00  ,,
支出,零食饮品,,50.00,CNY,银行卡,,,小蛋糕,  2023-11-17 16:00:00  ,,
支出,公交地铁,,8.43,CNY,银行卡,,,骑行卡,  2023-11-15 16:00:00  ,,
支出,日用百货,,40.50,CNY,银行卡,,,,  2023-11-15 16:00:00  ,,
支出,堂食外卖,,58.40,CNY,银行卡,,,肯德基,  2023-11-14 16:00:00  ,,
支出,日用百货,,28.90,CNY,银行卡,,,维达抽纸,  2023-11-14 16:00:00  ,,
支出,个护美妆,,16.80,CNY,银行卡,,,美加净护手霜,  2023-11-14 16:00:00  ,,
支出,服装鞋帽,,120.00,CNY,银行卡,,,,  2023-11-13 16:00:00  ,,
支出,个护美妆,,5.66,CNY,银行卡,,,烟灰缸,  2023-11-13 16:00:00  ,,
支出,日用百货,,120.65,CNY,银行卡,,,马丁靴,  2023-11-13 16:00:00  ,,
支出,日用百货,,9.69,CNY,银行卡,,,干发帽,  2023-11-13 16:00:00  ,,
支出,堂食外卖,,22.36,CNY,银行卡,,,,  2023-11-10 16:00:00  ,,
支出,堂食外卖,,16.40,CNY,银行卡,,,,  2023-11-10 16:00:00  ,,
支出,公交地铁,,180.00,CNY,银行卡,,,,  2023-11-10 16:00:00  ,,
支出,服装鞋帽,,118.00,CNY,银行卡,,,丝袜,  2023-11-09 16:00:00  ,,
支出,堂食外卖,,80.10,CNY,银行卡,,,,  2023-11-07 16:00:00  ,,
支出,个护美妆,,24.90,CNY,银行卡,,,洗脸巾,  2023-11-07 16:00:00  ,,
支出,堂食外卖,,10.90,CNY,银行卡,,,,  2023-11-05 16:00:00  ,,
支出,美妆个护,,199.00,CNY,银行卡,,,逐本,  2023-11-05 16:00:00  ,,
支出,服装鞋帽,,46.56,CNY,银行卡,,,打底衫,  2023-11-04 16:00:00  ,,
支出,其他杂项,,100.00,CNY,银行卡,,,,  2023-11-03 16:00:00  ,,
支出,美妆个护,,209.00,CNY,银行卡,,,珀莱雅水乳,  2023-11-03 16:00:00  ,,
支出,零食饮品,,79.20,CNY,银行卡,,,蛋糕,  2023-11-02 16:00:00  ,,
支出,公交地铁,,24.64,CNY,银行卡,,,,  2023-11-02 16:00:00  ,,
支出,堂食外卖,,6.00,CNY,银行卡,,,,  2023-11-01 16:00:00  ,,
支出,堂食外卖,,25.84,CNY,银行卡,,,糕点,  2023-11-01 16:00:00  ,,
支出,公交地铁,,8.30,CNY,银行卡,,,骑行卡,  2023-10-31 16:00:00  ,,
支出,美妆个护,,418.89,CNY,银行卡,,,娇韵诗,  2023-10-31 16:00:00  ,,
支出,日用百货,,24.20,CNY,银行卡,,,收纳箱,  2023-10-30 16:00:00  ,,
支出,日用百货,,20.80,CNY,银行卡,,,订婚海报,  2023-10-30 16:00:00  ,,
支出,日用百货,,13.78,CNY,银行卡,,,彩礼盒,  2023-10-30 16:00:00  ,,
支出,日用百货,,5.80,CNY,银行卡,,,万元红包,  2023-10-30 16:00:00  ,,
支出,零食饮品,,15.83,CNY,银行卡,,,喜饼,  2023-10-30 16:00:00  ,,
支出,零食饮品,,8.90,CNY,银行卡,,,阿尔卑斯,  2023-10-30 16:00:00  ,,
支出,零食饮品,,16.79,CNY,银行卡,,,大白兔,  2023-10-30 16:00:00  ,,
支出,食材调料,,9.90,CNY,银行卡,,,红枣,  2023-10-30 16:00:00  ,,
支出,零食饮品,,11.90,CNY,银行卡,,,徐福记白桃糖,  2023-10-30 16:00:00  ,,
支出,堂食外卖,,15.70,CNY,银行卡,,,干果盒,  2023-10-29 16:00:00  ,,
支出,日用百货,,16.50,CNY,银行卡,,,干果盘,  2023-10-29 16:00:00  ,,
支出,其他杂项,,22.00,CNY,银行卡,,,运费,  2023-10-29 16:00:00  ,,
支出,日用百货,,59.00,CNY,银行卡,,,玄幻摆件,  2023-10-29 16:00:00  ,,
支出,日用百货,,66.00,CNY,银行卡,,,绿植,  2023-10-29 16:00:00  ,,
支出,日用百货,,21.43,CNY,银行卡,,,柿柿如意,  2023-10-29 16:00:00  ,,
支出,日用百货,,29.90,CNY,银行卡,,,订婚书,  2023-10-29 16:00:00  ,,
支出,日用百货,,24.32,CNY,银行卡,,,订婚干果,  2023-10-29 16:00:00  ,,
支出,日用百货,,31.74,CNY,银行卡,,,扇形糕点摆件,  2023-10-29 16:00:00  ,,
支出,日用百货,,23.40,CNY,银行卡,,,花瓶摆件,  2023-10-29 16:00:00  ,,
支出,日用百货,,28.80,CNY,银行卡,,,一次性纸杯,  2023-10-29 16:00:00  ,,
支出,日用百货,,11.00,CNY,银行卡,,,小提篮,  2023-10-29 16:00:00  ,,
支出,日用百货,,34.20,CNY,银行卡,,,入户门地毯,  2023-10-28 16:00:00  ,,
支出,停车费用,,29.88,CNY,银行卡,,,停车牌,  2023-10-28 16:00:00  ,,
支出,日用百货,,20.98,CNY,银行卡,,,垃圾桶,  2023-10-27 16:00:02  ,,
支出,堂食外卖,,20.98,CNY,银行卡,,,厨房防油贴纸,  2023-10-27 16:00:01  ,,
支出,堂食外卖,,22.82,CNY,银行卡,,,浴室香氛,  2023-10-27 16:00:00  ,,
支出,日用百货,,59.94,CNY,银行卡,,,绿萝,  2023-10-27 16:00:00  ,,
支出,车品配件,,39.90,CNY,银行卡,,,竹炭包,  2023-10-27 16:00:00  ,,
支出,日用百货,,4.12,CNY,银行卡,,,帆布袋,  2023-10-27 16:00:00  ,,
支出,日用百货,,13.90,CNY,银行卡,,,卫生间抽纸盒,  2023-10-27 16:00:00  ,,
支出,日用百货,,18.89,CNY,银行卡,,,卫生间垃圾桶,  2023-10-27 16:00:00  ,,
支出,清洁用品,,10.69,CNY,银行卡,,,扫把,  2023-10-27 16:00:00  ,,
支出,清洁用品,,22.10,CNY,银行卡,,,拖把,  2023-10-27 16:00:00  ,,
支出,日用百货,,1090.60,CNY,银行卡,,,梳妆台,  2023-10-27 16:00:00  ,,
支出,日用百货,,116.00,CNY,银行卡,,,仙女椅,  2023-10-27 16:00:00  ,,
支出,车品配件,,6.35,CNY,银行卡,,,实习车贴,  2023-10-26 16:00:00  ,,
支出,公交地铁,,7.30,CNY,银行卡,,,美团骑行卡,  2023-10-26 16:00:00  ,,
支出,服装鞋帽,,8.71,CNY,银行卡,,,丝袜,  2023-10-25 16:00:00  ,,
支出,日用百货,,1.58,CNY,银行卡,,,户口本页,  2023-10-25 16:00:00  ,,
支出,美妆个护,,50.00,CNY,银行卡,,,娇韵诗弹簧水定金,  2023-10-25 16:00:00  ,,
支出,堂食外卖,,35.61,CNY,银行卡,,,,  2023-10-25 16:00:00  ,,
支出,问诊就医,,200.00,CNY,银行卡,,,,  2023-10-23 16:00:00  ,,
支出,问诊就医,,260.00,CNY,银行卡,,,,  2023-10-23 16:00:00  ,,
支出,车品配件,,28.80,CNY,银行卡,,,方向盘套,  2023-10-22 16:00:00  ,,
支出,车品配件,,26.10,CNY,银行卡,,,车罩,  2023-10-22 16:00:00  ,,
支出,车品配件,,13.34,CNY,银行卡,,,汽车钢化膜,  2023-10-22 16:00:00  ,,
支出,日用百货,,13.50,CNY,银行卡,,,屏幕保护套,  2023-10-22 16:00:00  ,,
支出,车品配件,,79.88,CNY,银行卡,,,后备箱垫,  2023-10-22 16:00:00  ,,
支出,堂食外卖,,185.00,CNY,银行卡,,,,  2023-10-21 16:00:00  ,,
支出,堂食外卖,,22.00,CNY,银行卡,,,,  2023-10-21 16:00:00  ,,
支出,堂食外卖,,109.00,CNY,银行卡,,,,  2023-10-21 16:00:00  ,,
支出,公交地铁,,19.49,CNY,银行卡,,,,  2023-10-21 16:00:00  ,,
支出,公交地铁,,11.64,CNY,银行卡,,,,  2023-10-21 16:00:00  ,,
支出,公交地铁,,15.99,CNY,银行卡,,,,  2023-10-21 16:00:00  ,,
支出,问诊就医,,220.00,CNY,银行卡,,,,  2023-10-21 16:00:00  ,,
支出,堂食外卖,,33.60,CNY,银行卡,,,,  2023-10-20 16:00:00  ,,
支出,堂食外卖,,45.90,CNY,银行卡,,,德克士,  2023-10-19 16:00:00  ,,
支出,日用百货,,12.94,CNY,银行卡,,,寇驰包内胆,  2023-10-17 16:00:00  ,,
支出,日用百货,,15.60,CNY,银行卡,,,雪莉玫小包,  2023-10-17 16:00:00  ,,
支出,日用百货,,78.20,CNY,银行卡,,,次卧灯,  2023-10-16 16:00:00  ,,
支出,堂食外卖,,47.60,CNY,银行卡,,,塔斯丁,  2023-10-15 16:00:00  ,,
支出,出行打车,,36.48,CNY,银行卡,,,高德,  2023-10-15 16:00:00  ,,
支出,出行打车,,25.26,CNY,银行卡,,,高德,  2023-10-15 16:00:00  ,,
支出,食材调料,,3.00,CNY,银行卡,,,方便面,  2023-10-14 16:00:00  ,,
支出,堂食外卖,,57.26,CNY,银行卡,,,,  2023-10-14 16:00:00  ,,
支出,堂食外卖,,65.32,CNY,银行卡,,,,  2023-10-13 16:00:00  ,,
支出,问诊就医,,108.00,CNY,银行卡,,,丽齿口腔,  2023-10-13 16:00:00  ,,
支出,出行打车,,8.41,CNY,银行卡,,,高德,  2023-10-11 16:00:00  ,,
支出,出行打车,,8.63,CNY,银行卡,,,高德,  2023-10-11 16:00:00  ,,
支出,疫苗体检,,828.00,CNY,银行卡,,,四价疫苗第三针,  2023-10-11 16:00:00  ,,
支出,问诊就医,,28.00,CNY,银行卡,,,,  2023-10-11 16:00:00  ,,
支出,公交地铁,,3.60,CNY,银行卡,,,骑行卡,  2023-10-10 16:00:00  ,,
支出,堂食外卖,,5.01,CNY,银行卡,,,,  2023-10-09 16:00:00  ,,
支出,堂食外卖,,21.89,CNY,银行卡,,,小白心里软奶皮包,  2023-10-09 16:00:00  ,,
支出,食材调料,,43.00,CNY,银行卡,,,牛肉面,  2023-10-08 16:00:00  ,,
支出,服装鞋帽,,34.90,CNY,银行卡,,,无痕内裤,  2023-10-07 16:00:00  ,,
支出,日用百货,,9.60,CNY,银行卡,,,手提袋,  2023-10-07 16:00:00  ,,
支出,堂食外卖,,14.30,CNY,银行卡,,,小白华夫饼,  2023-10-07 16:00:00  ,,
支出,堂食外卖,,19.89,CNY,银行卡,,,小白奶皮包,  2023-10-07 16:00:00  ,,
支出,零食饮品,,22.80,CNY,银行卡,,,士力架,  2023-10-07 16:00:00  ,,
支出,零食饮品,,55.90,CNY,银行卡,,,旺仔牛奶,  2023-10-07 16:00:00  ,,
支出,服装鞋帽,,30.96,CNY,银行卡,,,穿戴甲,  2023-10-07 16:00:00  ,,
支出,公交地铁,,180.00,CNY,银行卡,,,地铁卡,  2023-10-06 16:00:00  ,,
支出,堂食外卖,,12.01,CNY,银行卡,,,炸鸡,  2023-10-04 16:00:00  ,,
支出,公交地铁,,10.23,CNY,银行卡,,,,  2023-10-04 16:00:00  ,,
支出,公交地铁,,9.23,CNY,银行卡,,,,  2023-10-04 16:00:00  ,,
支出,公交地铁,,12.82,CNY,银行卡,,,,  2023-10-04 16:00:00  ,,
支出,奶茶甜品,,13.00,CNY,银行卡,,,蜜雪冰城,  2023-10-04 16:00:00  ,,
支出,信用分期,,500.00,CNY,银行卡,,,婚房押金,  2023-10-04 16:00:00  ,,
支出,堂食外卖,,24.00,CNY,银行卡,,,,  2023-10-01 16:00:00  ,,
支出,出行打车,,19.18,CNY,银行卡,,,高德,  2023-10-01 16:00:00  ,,
支出,奶茶甜品,,30.95,CNY,银行卡,,,口口椰,  2023-10-01 16:00:00  ,,
支出,奶茶甜品,,29.00,CNY,银行卡,,,卡旺卡,  2023-09-30 16:00:00  ,,
支出,堂食外卖,,22.00,CNY,银行卡,,,,  2023-09-29 16:00:00  ,,
支出,日用百货,,31.00,CNY,银行卡,,,,  2023-09-29 16:00:00  ,,
支出,问诊就医,,795.00,CNY,银行卡,,,古8、东阿阿胶,  2023-09-28 16:00:00  ,,
支出,堂食外卖,,254.00,CNY,银行卡,,,忆暹罗,  2023-09-27 16:00:00  ,,
支出,堂食外卖,,49.50,CNY,银行卡,,,关东煮,  2023-09-27 16:00:00  ,,
支出,出行打车,,14.81,CNY,银行卡,,,高德,  2023-09-27 16:00:00  ,,
支出,奶茶甜品,,21.30,CNY,银行卡,,,卡旺卡,  2023-09-27 16:00:00  ,,
支出,奶茶甜品,,8.80,CNY,银行卡,,,库迪咖啡,  2023-09-27 16:00:00  ,,
